[2025-11-02 08:55:32] development.ERROR: The C:\GitHub\LaravelFieldServiceManagement\bootstrap\cache directory must be present and writable. {"exception":"[object] (Exception(code: 0): The C:\\GitHub\\LaravelFieldServiceManagement\\bootstrap\\cache directory must be present and writable. at C:\\GitHub\\LaravelFieldServiceManagement\\vendor\\laravel\\framework\\src\\Illuminate\\Foundation\\PackageManifest.php:179)
[stacktrace]
#0 C:\\GitHub\\LaravelFieldServiceManagement\\vendor\\laravel\\framework\\src\\Illuminate\\Foundation\\PackageManifest.php(132): Illuminate\\Foundation\\PackageManifest->write(Array)
#1 C:\\GitHub\\LaravelFieldServiceManagement\\vendor\\laravel\\framework\\src\\Illuminate\\Foundation\\PackageManifest.php(108): Illuminate\\Foundation\\PackageManifest->build()
#2 C:\\GitHub\\LaravelFieldServiceManagement\\vendor\\laravel\\framework\\src\\Illuminate\\Foundation\\PackageManifest.php(91): Illuminate\\Foundation\\PackageManifest->getManifest()
#3 C:\\GitHub\\LaravelFieldServiceManagement\\vendor\\laravel\\framework\\src\\Illuminate\\Foundation\\PackageManifest.php(80): Illuminate\\Foundation\\PackageManifest->config('aliases')
#4 C:\\GitHub\\LaravelFieldServiceManagement\\vendor\\laravel\\framework\\src\\Illuminate\\Foundation\\Bootstrap\\RegisterFacades.php(26): Illuminate\\Foundation\\PackageManifest->aliases()
#5 C:\\GitHub\\LaravelFieldServiceManagement\\vendor\\laravel\\framework\\src\\Illuminate\\Foundation\\Application.php(342): Illuminate\\Foundation\\Bootstrap\\RegisterFacades->bootstrap(Object(Illuminate\\Foundation\\Application))
#6 C:\\GitHub\\LaravelFieldServiceManagement\\vendor\\laravel\\framework\\src\\Illuminate\\Foundation\\Console\\Kernel.php(474): Illuminate\\Foundation\\Application->bootstrapWith(Array)
#7 C:\\GitHub\\LaravelFieldServiceManagement\\vendor\\laravel\\framework\\src\\Illuminate\\Foundation\\Console\\Kernel.php(196): Illuminate\\Foundation\\Console\\Kernel->bootstrap()
#8 C:\\GitHub\\LaravelFieldServiceManagement\\vendor\\laravel\\framework\\src\\Illuminate\\Foundation\\Application.php(1235): Illuminate\\Foundation\\Console\\Kernel->handle(Object(Symfony\\Component\\Console\\Input\\ArgvInput), Object(Symfony\\Component\\Console\\Output\\ConsoleOutput))
#9 C:\\GitHub\\LaravelFieldServiceManagement\\artisan(11): Illuminate\\Foundation\\Application->handleCommand(Object(Symfony\\Component\\Console\\Input\\ArgvInput))
#10 {main}
"} 
[2025-11-02 08:56:25] development.ERROR: Please provide a valid cache path. {"exception":"[object] (InvalidArgumentException(code: 0): Please provide a valid cache path. at C:\\GitHub\\LaravelFieldServiceManagement\\vendor\\laravel\\framework\\src\\Illuminate\\View\\Compilers\\Compiler.php:67)
[stacktrace]
#0 C:\\GitHub\\LaravelFieldServiceManagement\\vendor\\laravel\\framework\\src\\Illuminate\\View\\ViewServiceProvider.php(97): Illuminate\\View\\Compilers\\Compiler->__construct(Object(Illuminate\\Filesystem\\Filesystem), false, '', true, 'php')
#1 C:\\GitHub\\LaravelFieldServiceManagement\\vendor\\laravel\\framework\\src\\Illuminate\\Container\\Container.php(952): Illuminate\\View\\ViewServiceProvider->{closure:Illuminate\\View\\ViewServiceProvider::registerBladeCompiler():96}(Object(Illuminate\\Foundation\\Application), Array)
#2 C:\\GitHub\\LaravelFieldServiceManagement\\vendor\\laravel\\framework\\src\\Illuminate\\Container\\Container.php(832): Illuminate\\Container\\Container->build(Object(Closure))
#3 C:\\GitHub\\LaravelFieldServiceManagement\\vendor\\laravel\\framework\\src\\Illuminate\\Foundation\\Application.php(1078): Illuminate\\Container\\Container->resolve('blade.compiler', Array, true)
#4 C:\\GitHub\\LaravelFieldServiceManagement\\vendor\\laravel\\framework\\src\\Illuminate\\Container\\Container.php(763): Illuminate\\Foundation\\Application->resolve('blade.compiler', Array)
#5 C:\\GitHub\\LaravelFieldServiceManagement\\vendor\\laravel\\framework\\src\\Illuminate\\Foundation\\Application.php(1058): Illuminate\\Container\\Container->make('blade.compiler', Array)
#6 C:\\GitHub\\LaravelFieldServiceManagement\\vendor\\laravel\\framework\\src\\Illuminate\\Container\\Container.php(1580): Illuminate\\Foundation\\Application->make('blade.compiler')
#7 C:\\GitHub\\LaravelFieldServiceManagement\\vendor\\laravel\\framework\\src\\Illuminate\\Support\\Facades\\Facade.php(239): Illuminate\\Container\\Container->offsetGet('blade.compiler')
#8 C:\\GitHub\\LaravelFieldServiceManagement\\vendor\\laravel\\framework\\src\\Illuminate\\Support\\Facades\\Facade.php(210): Illuminate\\Support\\Facades\\Facade::resolveFacadeInstance('blade.compiler')
#9 C:\\GitHub\\LaravelFieldServiceManagement\\vendor\\laravel\\framework\\src\\Illuminate\\Support\\Facades\\Facade.php(355): Illuminate\\Support\\Facades\\Facade::getFacadeRoot()
#10 C:\\GitHub\\LaravelFieldServiceManagement\\vendor\\blade-ui-kit\\blade-icons\\src\\BladeIconsServiceProvider.php(106): Illuminate\\Support\\Facades\\Facade::__callStatic('directive', Array)
#11 C:\\GitHub\\LaravelFieldServiceManagement\\vendor\\blade-ui-kit\\blade-icons\\src\\BladeIconsServiceProvider.php(27): BladeUI\\Icons\\BladeIconsServiceProvider->bootDirectives()
#12 C:\\GitHub\\LaravelFieldServiceManagement\\vendor\\laravel\\framework\\src\\Illuminate\\Container\\BoundMethod.php(36): BladeUI\\Icons\\BladeIconsServiceProvider->boot()
#13 C:\\GitHub\\LaravelFieldServiceManagement\\vendor\\laravel\\framework\\src\\Illuminate\\Container\\Util.php(43): Illuminate\\Container\\BoundMethod::{closure:Illuminate\\Container\\BoundMethod::call():35}()
#14 C:\\GitHub\\LaravelFieldServiceManagement\\vendor\\laravel\\framework\\src\\Illuminate\\Container\\BoundMethod.php(95): Illuminate\\Container\\Util::unwrapIfClosure(Object(Closure))
#15 C:\\GitHub\\LaravelFieldServiceManagement\\vendor\\laravel\\framework\\src\\Illuminate\\Container\\BoundMethod.php(35): Illuminate\\Container\\BoundMethod::callBoundMethod(Object(Illuminate\\Foundation\\Application), Array, Object(Closure))
#16 C:\\GitHub\\LaravelFieldServiceManagement\\vendor\\laravel\\framework\\src\\Illuminate\\Container\\Container.php(696): Illuminate\\Container\\BoundMethod::call(Object(Illuminate\\Foundation\\Application), Array, Array, NULL)
#17 C:\\GitHub\\LaravelFieldServiceManagement\\vendor\\laravel\\framework\\src\\Illuminate\\Foundation\\Application.php(1151): Illuminate\\Container\\Container->call(Array)
#18 C:\\GitHub\\LaravelFieldServiceManagement\\vendor\\laravel\\framework\\src\\Illuminate\\Foundation\\Application.php(1132): Illuminate\\Foundation\\Application->bootProvider(Object(BladeUI\\Icons\\BladeIconsServiceProvider))
#19 [internal function]: Illuminate\\Foundation\\Application->{closure:Illuminate\\Foundation\\Application::boot():1131}(Object(BladeUI\\Icons\\BladeIconsServiceProvider), 'BladeUI\\\\Icons\\\\B...')
#20 C:\\GitHub\\LaravelFieldServiceManagement\\vendor\\laravel\\framework\\src\\Illuminate\\Foundation\\Application.php(1131): array_walk(Array, Object(Closure))
#21 C:\\GitHub\\LaravelFieldServiceManagement\\vendor\\laravel\\framework\\src\\Illuminate\\Foundation\\Bootstrap\\BootProviders.php(17): Illuminate\\Foundation\\Application->boot()
#22 C:\\GitHub\\LaravelFieldServiceManagement\\vendor\\laravel\\framework\\src\\Illuminate\\Foundation\\Application.php(342): Illuminate\\Foundation\\Bootstrap\\BootProviders->bootstrap(Object(Illuminate\\Foundation\\Application))
#23 C:\\GitHub\\LaravelFieldServiceManagement\\vendor\\laravel\\framework\\src\\Illuminate\\Foundation\\Console\\Kernel.php(474): Illuminate\\Foundation\\Application->bootstrapWith(Array)
#24 C:\\GitHub\\LaravelFieldServiceManagement\\vendor\\laravel\\framework\\src\\Illuminate\\Foundation\\Console\\Kernel.php(196): Illuminate\\Foundation\\Console\\Kernel->bootstrap()
#25 C:\\GitHub\\LaravelFieldServiceManagement\\vendor\\laravel\\framework\\src\\Illuminate\\Foundation\\Application.php(1235): Illuminate\\Foundation\\Console\\Kernel->handle(Object(Symfony\\Component\\Console\\Input\\ArgvInput), Object(Symfony\\Component\\Console\\Output\\ConsoleOutput))
#26 C:\\GitHub\\LaravelFieldServiceManagement\\artisan(11): Illuminate\\Foundation\\Application->handleCommand(Object(Symfony\\Component\\Console\\Input\\ArgvInput))
#27 {main}
"} 
[2025-11-02 08:57:48] development.ERROR: SQLSTATE[HY000] [2002] php_network_getaddresses: getaddrinfo for mysql failed: No such host is known (Connection: mysql, SQL: select exists (select 1 from information_schema.tables where table_schema = 'laravel_fsm' and table_name = 'migrations' and table_type in ('BASE TABLE', 'SYSTEM VERSIONED')) as `exists`) {"exception":"[object] (Illuminate\\Database\\QueryException(code: 2002): SQLSTATE[HY000] [2002] php_network_getaddresses: getaddrinfo for mysql failed: No such host is known (Connection: mysql, SQL: select exists (select 1 from information_schema.tables where table_schema = 'laravel_fsm' and table_name = 'migrations' and table_type in ('BASE TABLE', 'SYSTEM VERSIONED')) as `exists`) at C:\\GitHub\\LaravelFieldServiceManagement\\vendor\\laravel\\framework\\src\\Illuminate\\Database\\Connection.php:825)
[stacktrace]
#0 C:\\GitHub\\LaravelFieldServiceManagement\\vendor\\laravel\\framework\\src\\Illuminate\\Database\\Connection.php(979): Illuminate\\Database\\Connection->runQueryCallback('select exists (...', Array, Object(Closure))
#1 C:\\GitHub\\LaravelFieldServiceManagement\\vendor\\laravel\\framework\\src\\Illuminate\\Database\\Connection.php(958): Illuminate\\Database\\Connection->tryAgainIfCausedByLostConnection(Object(Illuminate\\Database\\QueryException), 'select exists (...', Array, Object(Closure))
#2 C:\\GitHub\\LaravelFieldServiceManagement\\vendor\\laravel\\framework\\src\\Illuminate\\Database\\Connection.php(781): Illuminate\\Database\\Connection->handleQueryException(Object(Illuminate\\Database\\QueryException), 'select exists (...', Array, Object(Closure))
#3 C:\\GitHub\\LaravelFieldServiceManagement\\vendor\\laravel\\framework\\src\\Illuminate\\Database\\Connection.php(398): Illuminate\\Database\\Connection->run('select exists (...', Array, Object(Closure))
#4 C:\\GitHub\\LaravelFieldServiceManagement\\vendor\\laravel\\framework\\src\\Illuminate\\Database\\Connection.php(344): Illuminate\\Database\\Connection->select('select exists (...', Array, true)
#5 C:\\GitHub\\LaravelFieldServiceManagement\\vendor\\laravel\\framework\\src\\Illuminate\\Database\\Connection.php(361): Illuminate\\Database\\Connection->selectOne('select exists (...', Array, true)
#6 C:\\GitHub\\LaravelFieldServiceManagement\\vendor\\laravel\\framework\\src\\Illuminate\\Database\\Schema\\MySqlBuilder.php(45): Illuminate\\Database\\Connection->scalar('select exists (...')
#7 C:\\GitHub\\LaravelFieldServiceManagement\\vendor\\laravel\\framework\\src\\Illuminate\\Database\\Migrations\\DatabaseMigrationRepository.php(184): Illuminate\\Database\\Schema\\MySqlBuilder->hasTable('migrations')
#8 C:\\GitHub\\LaravelFieldServiceManagement\\vendor\\laravel\\framework\\src\\Illuminate\\Database\\Migrations\\Migrator.php(742): Illuminate\\Database\\Migrations\\DatabaseMigrationRepository->repositoryExists()
#9 C:\\GitHub\\LaravelFieldServiceManagement\\vendor\\laravel\\framework\\src\\Illuminate\\Database\\Console\\Migrations\\MigrateCommand.php(165): Illuminate\\Database\\Migrations\\Migrator->repositoryExists()
#10 C:\\GitHub\\LaravelFieldServiceManagement\\vendor\\laravel\\framework\\src\\Illuminate\\Support\\helpers.php(338): Illuminate\\Database\\Console\\Migrations\\MigrateCommand->{closure:Illuminate\\Database\\Console\\Migrations\\MigrateCommand::repositoryExists():165}(1)
#11 C:\\GitHub\\LaravelFieldServiceManagement\\vendor\\laravel\\framework\\src\\Illuminate\\Database\\Console\\Migrations\\MigrateCommand.php(165): retry(1, Object(Closure), 0, Object(Closure))
#12 C:\\GitHub\\LaravelFieldServiceManagement\\vendor\\laravel\\framework\\src\\Illuminate\\Database\\Console\\Migrations\\MigrateCommand.php(141): Illuminate\\Database\\Console\\Migrations\\MigrateCommand->repositoryExists()
#13 C:\\GitHub\\LaravelFieldServiceManagement\\vendor\\laravel\\framework\\src\\Illuminate\\Database\\Console\\Migrations\\MigrateCommand.php(111): Illuminate\\Database\\Console\\Migrations\\MigrateCommand->prepareDatabase()
#14 C:\\GitHub\\LaravelFieldServiceManagement\\vendor\\laravel\\framework\\src\\Illuminate\\Database\\Migrations\\Migrator.php(658): Illuminate\\Database\\Console\\Migrations\\MigrateCommand->{closure:Illuminate\\Database\\Console\\Migrations\\MigrateCommand::runMigrations():110}()
#15 C:\\GitHub\\LaravelFieldServiceManagement\\vendor\\laravel\\framework\\src\\Illuminate\\Database\\Console\\Migrations\\MigrateCommand.php(110): Illuminate\\Database\\Migrations\\Migrator->usingConnection(NULL, Object(Closure))
#16 C:\\GitHub\\LaravelFieldServiceManagement\\vendor\\laravel\\framework\\src\\Illuminate\\Database\\Console\\Migrations\\MigrateCommand.php(89): Illuminate\\Database\\Console\\Migrations\\MigrateCommand->runMigrations()
#17 C:\\GitHub\\LaravelFieldServiceManagement\\vendor\\laravel\\framework\\src\\Illuminate\\Container\\BoundMethod.php(36): Illuminate\\Database\\Console\\Migrations\\MigrateCommand->handle()
#18 C:\\GitHub\\LaravelFieldServiceManagement\\vendor\\laravel\\framework\\src\\Illuminate\\Container\\Util.php(43): Illuminate\\Container\\BoundMethod::{closure:Illuminate\\Container\\BoundMethod::call():35}()
#19 C:\\GitHub\\LaravelFieldServiceManagement\\vendor\\laravel\\framework\\src\\Illuminate\\Container\\BoundMethod.php(95): Illuminate\\Container\\Util::unwrapIfClosure(Object(Closure))
#20 C:\\GitHub\\LaravelFieldServiceManagement\\vendor\\laravel\\framework\\src\\Illuminate\\Container\\BoundMethod.php(35): Illuminate\\Container\\BoundMethod::callBoundMethod(Object(Illuminate\\Foundation\\Application), Array, Object(Closure))
#21 C:\\GitHub\\LaravelFieldServiceManagement\\vendor\\laravel\\framework\\src\\Illuminate\\Container\\Container.php(696): Illuminate\\Container\\BoundMethod::call(Object(Illuminate\\Foundation\\Application), Array, Array, NULL)
#22 C:\\GitHub\\LaravelFieldServiceManagement\\vendor\\laravel\\framework\\src\\Illuminate\\Console\\Command.php(213): Illuminate\\Container\\Container->call(Array)
#23 C:\\GitHub\\LaravelFieldServiceManagement\\vendor\\symfony\\console\\Command\\Command.php(318): Illuminate\\Console\\Command->execute(Object(Symfony\\Component\\Console\\Input\\ArgvInput), Object(Illuminate\\Console\\OutputStyle))
#24 C:\\GitHub\\LaravelFieldServiceManagement\\vendor\\laravel\\framework\\src\\Illuminate\\Console\\Command.php(182): Symfony\\Component\\Console\\Command\\Command->run(Object(Symfony\\Component\\Console\\Input\\ArgvInput), Object(Illuminate\\Console\\OutputStyle))
#25 C:\\GitHub\\LaravelFieldServiceManagement\\vendor\\symfony\\console\\Application.php(1073): Illuminate\\Console\\Command->run(Object(Symfony\\Component\\Console\\Input\\ArgvInput), Object(Symfony\\Component\\Console\\Output\\ConsoleOutput))
#26 C:\\GitHub\\LaravelFieldServiceManagement\\vendor\\symfony\\console\\Application.php(356): Symfony\\Component\\Console\\Application->doRunCommand(Object(Illuminate\\Database\\Console\\Migrations\\MigrateCommand), Object(Symfony\\Component\\Console\\Input\\ArgvInput), Object(Symfony\\Component\\Console\\Output\\ConsoleOutput))
#27 C:\\GitHub\\LaravelFieldServiceManagement\\vendor\\symfony\\console\\Application.php(195): Symfony\\Component\\Console\\Application->doRun(Object(Symfony\\Component\\Console\\Input\\ArgvInput), Object(Symfony\\Component\\Console\\Output\\ConsoleOutput))
#28 C:\\GitHub\\LaravelFieldServiceManagement\\vendor\\laravel\\framework\\src\\Illuminate\\Foundation\\Console\\Kernel.php(198): Symfony\\Component\\Console\\Application->run(Object(Symfony\\Component\\Console\\Input\\ArgvInput), Object(Symfony\\Component\\Console\\Output\\ConsoleOutput))
#29 C:\\GitHub\\LaravelFieldServiceManagement\\vendor\\laravel\\framework\\src\\Illuminate\\Foundation\\Application.php(1235): Illuminate\\Foundation\\Console\\Kernel->handle(Object(Symfony\\Component\\Console\\Input\\ArgvInput), Object(Symfony\\Component\\Console\\Output\\ConsoleOutput))
#30 C:\\GitHub\\LaravelFieldServiceManagement\\artisan(11): Illuminate\\Foundation\\Application->handleCommand(Object(Symfony\\Component\\Console\\Input\\ArgvInput))
#31 {main}

[previous exception] [object] (PDOException(code: 2002): SQLSTATE[HY000] [2002] php_network_getaddresses: getaddrinfo for mysql failed: No such host is known at C:\\GitHub\\LaravelFieldServiceManagement\\vendor\\laravel\\framework\\src\\Illuminate\\Database\\Connectors\\Connector.php:67)
[stacktrace]
#0 C:\\GitHub\\LaravelFieldServiceManagement\\vendor\\laravel\\framework\\src\\Illuminate\\Database\\Connectors\\Connector.php(67): PDO::connect('mysql:host=mysq...', 'sail', Object(SensitiveParameterValue), Array)
#1 C:\\GitHub\\LaravelFieldServiceManagement\\vendor\\laravel\\framework\\src\\Illuminate\\Database\\Connectors\\Connector.php(85): Illuminate\\Database\\Connectors\\Connector->createPdoConnection('mysql:host=mysq...', 'sail', Object(SensitiveParameterValue), Array)
#2 C:\\GitHub\\LaravelFieldServiceManagement\\vendor\\laravel\\framework\\src\\Illuminate\\Database\\Connectors\\Connector.php(48): Illuminate\\Database\\Connectors\\Connector->tryAgainIfCausedByLostConnection(Object(PDOException), 'mysql:host=mysq...', 'sail', Object(SensitiveParameterValue), Array)
#3 C:\\GitHub\\LaravelFieldServiceManagement\\vendor\\laravel\\framework\\src\\Illuminate\\Database\\Connectors\\MySqlConnector.php(24): Illuminate\\Database\\Connectors\\Connector->createConnection('mysql:host=mysq...', Array, Array)
#4 C:\\GitHub\\LaravelFieldServiceManagement\\vendor\\laravel\\framework\\src\\Illuminate\\Database\\Connectors\\ConnectionFactory.php(185): Illuminate\\Database\\Connectors\\MySqlConnector->connect(Array)
#5 [internal function]: Illuminate\\Database\\Connectors\\ConnectionFactory->{closure:Illuminate\\Database\\Connectors\\ConnectionFactory::createPdoResolverWithHosts():180}()
#6 C:\\GitHub\\LaravelFieldServiceManagement\\vendor\\laravel\\framework\\src\\Illuminate\\Database\\Connection.php(1231): call_user_func(Object(Closure))
#7 C:\\GitHub\\LaravelFieldServiceManagement\\vendor\\laravel\\framework\\src\\Illuminate\\Database\\Connection.php(1267): Illuminate\\Database\\Connection->getPdo()
#8 C:\\GitHub\\LaravelFieldServiceManagement\\vendor\\laravel\\framework\\src\\Illuminate\\Database\\Connection.php(512): Illuminate\\Database\\Connection->getReadPdo()
#9 C:\\GitHub\\LaravelFieldServiceManagement\\vendor\\laravel\\framework\\src\\Illuminate\\Database\\Connection.php(407): Illuminate\\Database\\Connection->getPdoForSelect(true)
#10 C:\\GitHub\\LaravelFieldServiceManagement\\vendor\\laravel\\framework\\src\\Illuminate\\Database\\Connection.php(812): Illuminate\\Database\\Connection->{closure:Illuminate\\Database\\Connection::select():398}('select exists (...', Array)
#11 C:\\GitHub\\LaravelFieldServiceManagement\\vendor\\laravel\\framework\\src\\Illuminate\\Database\\Connection.php(979): Illuminate\\Database\\Connection->runQueryCallback('select exists (...', Array, Object(Closure))
#12 C:\\GitHub\\LaravelFieldServiceManagement\\vendor\\laravel\\framework\\src\\Illuminate\\Database\\Connection.php(958): Illuminate\\Database\\Connection->tryAgainIfCausedByLostConnection(Object(Illuminate\\Database\\QueryException), 'select exists (...', Array, Object(Closure))
#13 C:\\GitHub\\LaravelFieldServiceManagement\\vendor\\laravel\\framework\\src\\Illuminate\\Database\\Connection.php(781): Illuminate\\Database\\Connection->handleQueryException(Object(Illuminate\\Database\\QueryException), 'select exists (...', Array, Object(Closure))
#14 C:\\GitHub\\LaravelFieldServiceManagement\\vendor\\laravel\\framework\\src\\Illuminate\\Database\\Connection.php(398): Illuminate\\Database\\Connection->run('select exists (...', Array, Object(Closure))
#15 C:\\GitHub\\LaravelFieldServiceManagement\\vendor\\laravel\\framework\\src\\Illuminate\\Database\\Connection.php(344): Illuminate\\Database\\Connection->select('select exists (...', Array, true)
#16 C:\\GitHub\\LaravelFieldServiceManagement\\vendor\\laravel\\framework\\src\\Illuminate\\Database\\Connection.php(361): Illuminate\\Database\\Connection->selectOne('select exists (...', Array, true)
#17 C:\\GitHub\\LaravelFieldServiceManagement\\vendor\\laravel\\framework\\src\\Illuminate\\Database\\Schema\\MySqlBuilder.php(45): Illuminate\\Database\\Connection->scalar('select exists (...')
#18 C:\\GitHub\\LaravelFieldServiceManagement\\vendor\\laravel\\framework\\src\\Illuminate\\Database\\Migrations\\DatabaseMigrationRepository.php(184): Illuminate\\Database\\Schema\\MySqlBuilder->hasTable('migrations')
#19 C:\\GitHub\\LaravelFieldServiceManagement\\vendor\\laravel\\framework\\src\\Illuminate\\Database\\Migrations\\Migrator.php(742): Illuminate\\Database\\Migrations\\DatabaseMigrationRepository->repositoryExists()
#20 C:\\GitHub\\LaravelFieldServiceManagement\\vendor\\laravel\\framework\\src\\Illuminate\\Database\\Console\\Migrations\\MigrateCommand.php(165): Illuminate\\Database\\Migrations\\Migrator->repositoryExists()
#21 C:\\GitHub\\LaravelFieldServiceManagement\\vendor\\laravel\\framework\\src\\Illuminate\\Support\\helpers.php(338): Illuminate\\Database\\Console\\Migrations\\MigrateCommand->{closure:Illuminate\\Database\\Console\\Migrations\\MigrateCommand::repositoryExists():165}(1)
#22 C:\\GitHub\\LaravelFieldServiceManagement\\vendor\\laravel\\framework\\src\\Illuminate\\Database\\Console\\Migrations\\MigrateCommand.php(165): retry(1, Object(Closure), 0, Object(Closure))
#23 C:\\GitHub\\LaravelFieldServiceManagement\\vendor\\laravel\\framework\\src\\Illuminate\\Database\\Console\\Migrations\\MigrateCommand.php(141): Illuminate\\Database\\Console\\Migrations\\MigrateCommand->repositoryExists()
#24 C:\\GitHub\\LaravelFieldServiceManagement\\vendor\\laravel\\framework\\src\\Illuminate\\Database\\Console\\Migrations\\MigrateCommand.php(111): Illuminate\\Database\\Console\\Migrations\\MigrateCommand->prepareDatabase()
#25 C:\\GitHub\\LaravelFieldServiceManagement\\vendor\\laravel\\framework\\src\\Illuminate\\Database\\Migrations\\Migrator.php(658): Illuminate\\Database\\Console\\Migrations\\MigrateCommand->{closure:Illuminate\\Database\\Console\\Migrations\\MigrateCommand::runMigrations():110}()
#26 C:\\GitHub\\LaravelFieldServiceManagement\\vendor\\laravel\\framework\\src\\Illuminate\\Database\\Console\\Migrations\\MigrateCommand.php(110): Illuminate\\Database\\Migrations\\Migrator->usingConnection(NULL, Object(Closure))
#27 C:\\GitHub\\LaravelFieldServiceManagement\\vendor\\laravel\\framework\\src\\Illuminate\\Database\\Console\\Migrations\\MigrateCommand.php(89): Illuminate\\Database\\Console\\Migrations\\MigrateCommand->runMigrations()
#28 C:\\GitHub\\LaravelFieldServiceManagement\\vendor\\laravel\\framework\\src\\Illuminate\\Container\\BoundMethod.php(36): Illuminate\\Database\\Console\\Migrations\\MigrateCommand->handle()
#29 C:\\GitHub\\LaravelFieldServiceManagement\\vendor\\laravel\\framework\\src\\Illuminate\\Container\\Util.php(43): Illuminate\\Container\\BoundMethod::{closure:Illuminate\\Container\\BoundMethod::call():35}()
#30 C:\\GitHub\\LaravelFieldServiceManagement\\vendor\\laravel\\framework\\src\\Illuminate\\Container\\BoundMethod.php(95): Illuminate\\Container\\Util::unwrapIfClosure(Object(Closure))
#31 C:\\GitHub\\LaravelFieldServiceManagement\\vendor\\laravel\\framework\\src\\Illuminate\\Container\\BoundMethod.php(35): Illuminate\\Container\\BoundMethod::callBoundMethod(Object(Illuminate\\Foundation\\Application), Array, Object(Closure))
#32 C:\\GitHub\\LaravelFieldServiceManagement\\vendor\\laravel\\framework\\src\\Illuminate\\Container\\Container.php(696): Illuminate\\Container\\BoundMethod::call(Object(Illuminate\\Foundation\\Application), Array, Array, NULL)
#33 C:\\GitHub\\LaravelFieldServiceManagement\\vendor\\laravel\\framework\\src\\Illuminate\\Console\\Command.php(213): Illuminate\\Container\\Container->call(Array)
#34 C:\\GitHub\\LaravelFieldServiceManagement\\vendor\\symfony\\console\\Command\\Command.php(318): Illuminate\\Console\\Command->execute(Object(Symfony\\Component\\Console\\Input\\ArgvInput), Object(Illuminate\\Console\\OutputStyle))
#35 C:\\GitHub\\LaravelFieldServiceManagement\\vendor\\laravel\\framework\\src\\Illuminate\\Console\\Command.php(182): Symfony\\Component\\Console\\Command\\Command->run(Object(Symfony\\Component\\Console\\Input\\ArgvInput), Object(Illuminate\\Console\\OutputStyle))
#36 C:\\GitHub\\LaravelFieldServiceManagement\\vendor\\symfony\\console\\Application.php(1073): Illuminate\\Console\\Command->run(Object(Symfony\\Component\\Console\\Input\\ArgvInput), Object(Symfony\\Component\\Console\\Output\\ConsoleOutput))
#37 C:\\GitHub\\LaravelFieldServiceManagement\\vendor\\symfony\\console\\Application.php(356): Symfony\\Component\\Console\\Application->doRunCommand(Object(Illuminate\\Database\\Console\\Migrations\\MigrateCommand), Object(Symfony\\Component\\Console\\Input\\ArgvInput), Object(Symfony\\Component\\Console\\Output\\ConsoleOutput))
#38 C:\\GitHub\\LaravelFieldServiceManagement\\vendor\\symfony\\console\\Application.php(195): Symfony\\Component\\Console\\Application->doRun(Object(Symfony\\Component\\Console\\Input\\ArgvInput), Object(Symfony\\Component\\Console\\Output\\ConsoleOutput))
#39 C:\\GitHub\\LaravelFieldServiceManagement\\vendor\\laravel\\framework\\src\\Illuminate\\Foundation\\Console\\Kernel.php(198): Symfony\\Component\\Console\\Application->run(Object(Symfony\\Component\\Console\\Input\\ArgvInput), Object(Symfony\\Component\\Console\\Output\\ConsoleOutput))
#40 C:\\GitHub\\LaravelFieldServiceManagement\\vendor\\laravel\\framework\\src\\Illuminate\\Foundation\\Application.php(1235): Illuminate\\Foundation\\Console\\Kernel->handle(Object(Symfony\\Component\\Console\\Input\\ArgvInput), Object(Symfony\\Component\\Console\\Output\\ConsoleOutput))
#41 C:\\GitHub\\LaravelFieldServiceManagement\\artisan(11): Illuminate\\Foundation\\Application->handleCommand(Object(Symfony\\Component\\Console\\Input\\ArgvInput))
#42 {main}

[previous exception] [object] (PDOException(code: 0): PDO::connect(): php_network_getaddresses: getaddrinfo for mysql failed: No such host is known at C:\\GitHub\\LaravelFieldServiceManagement\\vendor\\laravel\\framework\\src\\Illuminate\\Database\\Connectors\\Connector.php:67)
[stacktrace]
#0 C:\\GitHub\\LaravelFieldServiceManagement\\vendor\\laravel\\framework\\src\\Illuminate\\Database\\Connectors\\Connector.php(67): PDO::connect('mysql:host=mysq...', 'sail', Object(SensitiveParameterValue), Array)
#1 C:\\GitHub\\LaravelFieldServiceManagement\\vendor\\laravel\\framework\\src\\Illuminate\\Database\\Connectors\\Connector.php(85): Illuminate\\Database\\Connectors\\Connector->createPdoConnection('mysql:host=mysq...', 'sail', Object(SensitiveParameterValue), Array)
#2 C:\\GitHub\\LaravelFieldServiceManagement\\vendor\\laravel\\framework\\src\\Illuminate\\Database\\Connectors\\Connector.php(48): Illuminate\\Database\\Connectors\\Connector->tryAgainIfCausedByLostConnection(Object(PDOException), 'mysql:host=mysq...', 'sail', Object(SensitiveParameterValue), Array)
#3 C:\\GitHub\\LaravelFieldServiceManagement\\vendor\\laravel\\framework\\src\\Illuminate\\Database\\Connectors\\MySqlConnector.php(24): Illuminate\\Database\\Connectors\\Connector->createConnection('mysql:host=mysq...', Array, Array)
#4 C:\\GitHub\\LaravelFieldServiceManagement\\vendor\\laravel\\framework\\src\\Illuminate\\Database\\Connectors\\ConnectionFactory.php(185): Illuminate\\Database\\Connectors\\MySqlConnector->connect(Array)
#5 [internal function]: Illuminate\\Database\\Connectors\\ConnectionFactory->{closure:Illuminate\\Database\\Connectors\\ConnectionFactory::createPdoResolverWithHosts():180}()
#6 C:\\GitHub\\LaravelFieldServiceManagement\\vendor\\laravel\\framework\\src\\Illuminate\\Database\\Connection.php(1231): call_user_func(Object(Closure))
#7 C:\\GitHub\\LaravelFieldServiceManagement\\vendor\\laravel\\framework\\src\\Illuminate\\Database\\Connection.php(1267): Illuminate\\Database\\Connection->getPdo()
#8 C:\\GitHub\\LaravelFieldServiceManagement\\vendor\\laravel\\framework\\src\\Illuminate\\Database\\Connection.php(512): Illuminate\\Database\\Connection->getReadPdo()
#9 C:\\GitHub\\LaravelFieldServiceManagement\\vendor\\laravel\\framework\\src\\Illuminate\\Database\\Connection.php(407): Illuminate\\Database\\Connection->getPdoForSelect(true)
#10 C:\\GitHub\\LaravelFieldServiceManagement\\vendor\\laravel\\framework\\src\\Illuminate\\Database\\Connection.php(812): Illuminate\\Database\\Connection->{closure:Illuminate\\Database\\Connection::select():398}('select exists (...', Array)
#11 C:\\GitHub\\LaravelFieldServiceManagement\\vendor\\laravel\\framework\\src\\Illuminate\\Database\\Connection.php(979): Illuminate\\Database\\Connection->runQueryCallback('select exists (...', Array, Object(Closure))
#12 C:\\GitHub\\LaravelFieldServiceManagement\\vendor\\laravel\\framework\\src\\Illuminate\\Database\\Connection.php(958): Illuminate\\Database\\Connection->tryAgainIfCausedByLostConnection(Object(Illuminate\\Database\\QueryException), 'select exists (...', Array, Object(Closure))
#13 C:\\GitHub\\LaravelFieldServiceManagement\\vendor\\laravel\\framework\\src\\Illuminate\\Database\\Connection.php(781): Illuminate\\Database\\Connection->handleQueryException(Object(Illuminate\\Database\\QueryException), 'select exists (...', Array, Object(Closure))
#14 C:\\GitHub\\LaravelFieldServiceManagement\\vendor\\laravel\\framework\\src\\Illuminate\\Database\\Connection.php(398): Illuminate\\Database\\Connection->run('select exists (...', Array, Object(Closure))
#15 C:\\GitHub\\LaravelFieldServiceManagement\\vendor\\laravel\\framework\\src\\Illuminate\\Database\\Connection.php(344): Illuminate\\Database\\Connection->select('select exists (...', Array, true)
#16 C:\\GitHub\\LaravelFieldServiceManagement\\vendor\\laravel\\framework\\src\\Illuminate\\Database\\Connection.php(361): Illuminate\\Database\\Connection->selectOne('select exists (...', Array, true)
#17 C:\\GitHub\\LaravelFieldServiceManagement\\vendor\\laravel\\framework\\src\\Illuminate\\Database\\Schema\\MySqlBuilder.php(45): Illuminate\\Database\\Connection->scalar('select exists (...')
#18 C:\\GitHub\\LaravelFieldServiceManagement\\vendor\\laravel\\framework\\src\\Illuminate\\Database\\Migrations\\DatabaseMigrationRepository.php(184): Illuminate\\Database\\Schema\\MySqlBuilder->hasTable('migrations')
#19 C:\\GitHub\\LaravelFieldServiceManagement\\vendor\\laravel\\framework\\src\\Illuminate\\Database\\Migrations\\Migrator.php(742): Illuminate\\Database\\Migrations\\DatabaseMigrationRepository->repositoryExists()
#20 C:\\GitHub\\LaravelFieldServiceManagement\\vendor\\laravel\\framework\\src\\Illuminate\\Database\\Console\\Migrations\\MigrateCommand.php(165): Illuminate\\Database\\Migrations\\Migrator->repositoryExists()
#21 C:\\GitHub\\LaravelFieldServiceManagement\\vendor\\laravel\\framework\\src\\Illuminate\\Support\\helpers.php(338): Illuminate\\Database\\Console\\Migrations\\MigrateCommand->{closure:Illuminate\\Database\\Console\\Migrations\\MigrateCommand::repositoryExists():165}(1)
#22 C:\\GitHub\\LaravelFieldServiceManagement\\vendor\\laravel\\framework\\src\\Illuminate\\Database\\Console\\Migrations\\MigrateCommand.php(165): retry(1, Object(Closure), 0, Object(Closure))
#23 C:\\GitHub\\LaravelFieldServiceManagement\\vendor\\laravel\\framework\\src\\Illuminate\\Database\\Console\\Migrations\\MigrateCommand.php(141): Illuminate\\Database\\Console\\Migrations\\MigrateCommand->repositoryExists()
#24 C:\\GitHub\\LaravelFieldServiceManagement\\vendor\\laravel\\framework\\src\\Illuminate\\Database\\Console\\Migrations\\MigrateCommand.php(111): Illuminate\\Database\\Console\\Migrations\\MigrateCommand->prepareDatabase()
#25 C:\\GitHub\\LaravelFieldServiceManagement\\vendor\\laravel\\framework\\src\\Illuminate\\Database\\Migrations\\Migrator.php(658): Illuminate\\Database\\Console\\Migrations\\MigrateCommand->{closure:Illuminate\\Database\\Console\\Migrations\\MigrateCommand::runMigrations():110}()
#26 C:\\GitHub\\LaravelFieldServiceManagement\\vendor\\laravel\\framework\\src\\Illuminate\\Database\\Console\\Migrations\\MigrateCommand.php(110): Illuminate\\Database\\Migrations\\Migrator->usingConnection(NULL, Object(Closure))
#27 C:\\GitHub\\LaravelFieldServiceManagement\\vendor\\laravel\\framework\\src\\Illuminate\\Database\\Console\\Migrations\\MigrateCommand.php(89): Illuminate\\Database\\Console\\Migrations\\MigrateCommand->runMigrations()
#28 C:\\GitHub\\LaravelFieldServiceManagement\\vendor\\laravel\\framework\\src\\Illuminate\\Container\\BoundMethod.php(36): Illuminate\\Database\\Console\\Migrations\\MigrateCommand->handle()
#29 C:\\GitHub\\LaravelFieldServiceManagement\\vendor\\laravel\\framework\\src\\Illuminate\\Container\\Util.php(43): Illuminate\\Container\\BoundMethod::{closure:Illuminate\\Container\\BoundMethod::call():35}()
#30 C:\\GitHub\\LaravelFieldServiceManagement\\vendor\\laravel\\framework\\src\\Illuminate\\Container\\BoundMethod.php(95): Illuminate\\Container\\Util::unwrapIfClosure(Object(Closure))
#31 C:\\GitHub\\LaravelFieldServiceManagement\\vendor\\laravel\\framework\\src\\Illuminate\\Container\\BoundMethod.php(35): Illuminate\\Container\\BoundMethod::callBoundMethod(Object(Illuminate\\Foundation\\Application), Array, Object(Closure))
#32 C:\\GitHub\\LaravelFieldServiceManagement\\vendor\\laravel\\framework\\src\\Illuminate\\Container\\Container.php(696): Illuminate\\Container\\BoundMethod::call(Object(Illuminate\\Foundation\\Application), Array, Array, NULL)
#33 C:\\GitHub\\LaravelFieldServiceManagement\\vendor\\laravel\\framework\\src\\Illuminate\\Console\\Command.php(213): Illuminate\\Container\\Container->call(Array)
#34 C:\\GitHub\\LaravelFieldServiceManagement\\vendor\\symfony\\console\\Command\\Command.php(318): Illuminate\\Console\\Command->execute(Object(Symfony\\Component\\Console\\Input\\ArgvInput), Object(Illuminate\\Console\\OutputStyle))
#35 C:\\GitHub\\LaravelFieldServiceManagement\\vendor\\laravel\\framework\\src\\Illuminate\\Console\\Command.php(182): Symfony\\Component\\Console\\Command\\Command->run(Object(Symfony\\Component\\Console\\Input\\ArgvInput), Object(Illuminate\\Console\\OutputStyle))
#36 C:\\GitHub\\LaravelFieldServiceManagement\\vendor\\symfony\\console\\Application.php(1073): Illuminate\\Console\\Command->run(Object(Symfony\\Component\\Console\\Input\\ArgvInput), Object(Symfony\\Component\\Console\\Output\\ConsoleOutput))
#37 C:\\GitHub\\LaravelFieldServiceManagement\\vendor\\symfony\\console\\Application.php(356): Symfony\\Component\\Console\\Application->doRunCommand(Object(Illuminate\\Database\\Console\\Migrations\\MigrateCommand), Object(Symfony\\Component\\Console\\Input\\ArgvInput), Object(Symfony\\Component\\Console\\Output\\ConsoleOutput))
#38 C:\\GitHub\\LaravelFieldServiceManagement\\vendor\\symfony\\console\\Application.php(195): Symfony\\Component\\Console\\Application->doRun(Object(Symfony\\Component\\Console\\Input\\ArgvInput), Object(Symfony\\Component\\Console\\Output\\ConsoleOutput))
#39 C:\\GitHub\\LaravelFieldServiceManagement\\vendor\\laravel\\framework\\src\\Illuminate\\Foundation\\Console\\Kernel.php(198): Symfony\\Component\\Console\\Application->run(Object(Symfony\\Component\\Console\\Input\\ArgvInput), Object(Symfony\\Component\\Console\\Output\\ConsoleOutput))
#40 C:\\GitHub\\LaravelFieldServiceManagement\\vendor\\laravel\\framework\\src\\Illuminate\\Foundation\\Application.php(1235): Illuminate\\Foundation\\Console\\Kernel->handle(Object(Symfony\\Component\\Console\\Input\\ArgvInput), Object(Symfony\\Component\\Console\\Output\\ConsoleOutput))
#41 C:\\GitHub\\LaravelFieldServiceManagement\\artisan(11): Illuminate\\Foundation\\Application->handleCommand(Object(Symfony\\Component\\Console\\Input\\ArgvInput))
#42 {main}
"} 
[2025-11-02 08:58:16] development.ERROR: SQLSTATE[HY000] [2002] php_network_getaddresses: getaddrinfo for mysql failed: No such host is known (Connection: mysql, SQL: select exists (select 1 from information_schema.tables where table_schema = 'laravel_fsm' and table_name = 'migrations' and table_type in ('BASE TABLE', 'SYSTEM VERSIONED')) as `exists`) {"exception":"[object] (Illuminate\\Database\\QueryException(code: 2002): SQLSTATE[HY000] [2002] php_network_getaddresses: getaddrinfo for mysql failed: No such host is known (Connection: mysql, SQL: select exists (select 1 from information_schema.tables where table_schema = 'laravel_fsm' and table_name = 'migrations' and table_type in ('BASE TABLE', 'SYSTEM VERSIONED')) as `exists`) at C:\\GitHub\\LaravelFieldServiceManagement\\vendor\\laravel\\framework\\src\\Illuminate\\Database\\Connection.php:825)
[stacktrace]
#0 C:\\GitHub\\LaravelFieldServiceManagement\\vendor\\laravel\\framework\\src\\Illuminate\\Database\\Connection.php(979): Illuminate\\Database\\Connection->runQueryCallback('select exists (...', Array, Object(Closure))
#1 C:\\GitHub\\LaravelFieldServiceManagement\\vendor\\laravel\\framework\\src\\Illuminate\\Database\\Connection.php(958): Illuminate\\Database\\Connection->tryAgainIfCausedByLostConnection(Object(Illuminate\\Database\\QueryException), 'select exists (...', Array, Object(Closure))
#2 C:\\GitHub\\LaravelFieldServiceManagement\\vendor\\laravel\\framework\\src\\Illuminate\\Database\\Connection.php(781): Illuminate\\Database\\Connection->handleQueryException(Object(Illuminate\\Database\\QueryException), 'select exists (...', Array, Object(Closure))
#3 C:\\GitHub\\LaravelFieldServiceManagement\\vendor\\laravel\\framework\\src\\Illuminate\\Database\\Connection.php(398): Illuminate\\Database\\Connection->run('select exists (...', Array, Object(Closure))
#4 C:\\GitHub\\LaravelFieldServiceManagement\\vendor\\laravel\\framework\\src\\Illuminate\\Database\\Connection.php(344): Illuminate\\Database\\Connection->select('select exists (...', Array, true)
#5 C:\\GitHub\\LaravelFieldServiceManagement\\vendor\\laravel\\framework\\src\\Illuminate\\Database\\Connection.php(361): Illuminate\\Database\\Connection->selectOne('select exists (...', Array, true)
#6 C:\\GitHub\\LaravelFieldServiceManagement\\vendor\\laravel\\framework\\src\\Illuminate\\Database\\Schema\\MySqlBuilder.php(45): Illuminate\\Database\\Connection->scalar('select exists (...')
#7 C:\\GitHub\\LaravelFieldServiceManagement\\vendor\\laravel\\framework\\src\\Illuminate\\Database\\Migrations\\DatabaseMigrationRepository.php(184): Illuminate\\Database\\Schema\\MySqlBuilder->hasTable('migrations')
#8 C:\\GitHub\\LaravelFieldServiceManagement\\vendor\\laravel\\framework\\src\\Illuminate\\Database\\Migrations\\Migrator.php(742): Illuminate\\Database\\Migrations\\DatabaseMigrationRepository->repositoryExists()
#9 C:\\GitHub\\LaravelFieldServiceManagement\\vendor\\laravel\\framework\\src\\Illuminate\\Database\\Console\\Migrations\\MigrateCommand.php(165): Illuminate\\Database\\Migrations\\Migrator->repositoryExists()
#10 C:\\GitHub\\LaravelFieldServiceManagement\\vendor\\laravel\\framework\\src\\Illuminate\\Support\\helpers.php(338): Illuminate\\Database\\Console\\Migrations\\MigrateCommand->{closure:Illuminate\\Database\\Console\\Migrations\\MigrateCommand::repositoryExists():165}(1)
#11 C:\\GitHub\\LaravelFieldServiceManagement\\vendor\\laravel\\framework\\src\\Illuminate\\Database\\Console\\Migrations\\MigrateCommand.php(165): retry(1, Object(Closure), 0, Object(Closure))
#12 C:\\GitHub\\LaravelFieldServiceManagement\\vendor\\laravel\\framework\\src\\Illuminate\\Database\\Console\\Migrations\\MigrateCommand.php(141): Illuminate\\Database\\Console\\Migrations\\MigrateCommand->repositoryExists()
#13 C:\\GitHub\\LaravelFieldServiceManagement\\vendor\\laravel\\framework\\src\\Illuminate\\Database\\Console\\Migrations\\MigrateCommand.php(111): Illuminate\\Database\\Console\\Migrations\\MigrateCommand->prepareDatabase()
#14 C:\\GitHub\\LaravelFieldServiceManagement\\vendor\\laravel\\framework\\src\\Illuminate\\Database\\Migrations\\Migrator.php(658): Illuminate\\Database\\Console\\Migrations\\MigrateCommand->{closure:Illuminate\\Database\\Console\\Migrations\\MigrateCommand::runMigrations():110}()
#15 C:\\GitHub\\LaravelFieldServiceManagement\\vendor\\laravel\\framework\\src\\Illuminate\\Database\\Console\\Migrations\\MigrateCommand.php(110): Illuminate\\Database\\Migrations\\Migrator->usingConnection(NULL, Object(Closure))
#16 C:\\GitHub\\LaravelFieldServiceManagement\\vendor\\laravel\\framework\\src\\Illuminate\\Database\\Console\\Migrations\\MigrateCommand.php(89): Illuminate\\Database\\Console\\Migrations\\MigrateCommand->runMigrations()
#17 C:\\GitHub\\LaravelFieldServiceManagement\\vendor\\laravel\\framework\\src\\Illuminate\\Container\\BoundMethod.php(36): Illuminate\\Database\\Console\\Migrations\\MigrateCommand->handle()
#18 C:\\GitHub\\LaravelFieldServiceManagement\\vendor\\laravel\\framework\\src\\Illuminate\\Container\\Util.php(43): Illuminate\\Container\\BoundMethod::{closure:Illuminate\\Container\\BoundMethod::call():35}()
#19 C:\\GitHub\\LaravelFieldServiceManagement\\vendor\\laravel\\framework\\src\\Illuminate\\Container\\BoundMethod.php(95): Illuminate\\Container\\Util::unwrapIfClosure(Object(Closure))
#20 C:\\GitHub\\LaravelFieldServiceManagement\\vendor\\laravel\\framework\\src\\Illuminate\\Container\\BoundMethod.php(35): Illuminate\\Container\\BoundMethod::callBoundMethod(Object(Illuminate\\Foundation\\Application), Array, Object(Closure))
#21 C:\\GitHub\\LaravelFieldServiceManagement\\vendor\\laravel\\framework\\src\\Illuminate\\Container\\Container.php(696): Illuminate\\Container\\BoundMethod::call(Object(Illuminate\\Foundation\\Application), Array, Array, NULL)
#22 C:\\GitHub\\LaravelFieldServiceManagement\\vendor\\laravel\\framework\\src\\Illuminate\\Console\\Command.php(213): Illuminate\\Container\\Container->call(Array)
#23 C:\\GitHub\\LaravelFieldServiceManagement\\vendor\\symfony\\console\\Command\\Command.php(318): Illuminate\\Console\\Command->execute(Object(Symfony\\Component\\Console\\Input\\ArgvInput), Object(Illuminate\\Console\\OutputStyle))
#24 C:\\GitHub\\LaravelFieldServiceManagement\\vendor\\laravel\\framework\\src\\Illuminate\\Console\\Command.php(182): Symfony\\Component\\Console\\Command\\Command->run(Object(Symfony\\Component\\Console\\Input\\ArgvInput), Object(Illuminate\\Console\\OutputStyle))
#25 C:\\GitHub\\LaravelFieldServiceManagement\\vendor\\symfony\\console\\Application.php(1073): Illuminate\\Console\\Command->run(Object(Symfony\\Component\\Console\\Input\\ArgvInput), Object(Symfony\\Component\\Console\\Output\\ConsoleOutput))
#26 C:\\GitHub\\LaravelFieldServiceManagement\\vendor\\symfony\\console\\Application.php(356): Symfony\\Component\\Console\\Application->doRunCommand(Object(Illuminate\\Database\\Console\\Migrations\\MigrateCommand), Object(Symfony\\Component\\Console\\Input\\ArgvInput), Object(Symfony\\Component\\Console\\Output\\ConsoleOutput))
#27 C:\\GitHub\\LaravelFieldServiceManagement\\vendor\\symfony\\console\\Application.php(195): Symfony\\Component\\Console\\Application->doRun(Object(Symfony\\Component\\Console\\Input\\ArgvInput), Object(Symfony\\Component\\Console\\Output\\ConsoleOutput))
#28 C:\\GitHub\\LaravelFieldServiceManagement\\vendor\\laravel\\framework\\src\\Illuminate\\Foundation\\Console\\Kernel.php(198): Symfony\\Component\\Console\\Application->run(Object(Symfony\\Component\\Console\\Input\\ArgvInput), Object(Symfony\\Component\\Console\\Output\\ConsoleOutput))
#29 C:\\GitHub\\LaravelFieldServiceManagement\\vendor\\laravel\\framework\\src\\Illuminate\\Foundation\\Application.php(1235): Illuminate\\Foundation\\Console\\Kernel->handle(Object(Symfony\\Component\\Console\\Input\\ArgvInput), Object(Symfony\\Component\\Console\\Output\\ConsoleOutput))
#30 C:\\GitHub\\LaravelFieldServiceManagement\\artisan(11): Illuminate\\Foundation\\Application->handleCommand(Object(Symfony\\Component\\Console\\Input\\ArgvInput))
#31 {main}

[previous exception] [object] (PDOException(code: 2002): SQLSTATE[HY000] [2002] php_network_getaddresses: getaddrinfo for mysql failed: No such host is known at C:\\GitHub\\LaravelFieldServiceManagement\\vendor\\laravel\\framework\\src\\Illuminate\\Database\\Connectors\\Connector.php:67)
[stacktrace]
#0 C:\\GitHub\\LaravelFieldServiceManagement\\vendor\\laravel\\framework\\src\\Illuminate\\Database\\Connectors\\Connector.php(67): PDO::connect('mysql:host=mysq...', 'sail', Object(SensitiveParameterValue), Array)
#1 C:\\GitHub\\LaravelFieldServiceManagement\\vendor\\laravel\\framework\\src\\Illuminate\\Database\\Connectors\\Connector.php(85): Illuminate\\Database\\Connectors\\Connector->createPdoConnection('mysql:host=mysq...', 'sail', Object(SensitiveParameterValue), Array)
#2 C:\\GitHub\\LaravelFieldServiceManagement\\vendor\\laravel\\framework\\src\\Illuminate\\Database\\Connectors\\Connector.php(48): Illuminate\\Database\\Connectors\\Connector->tryAgainIfCausedByLostConnection(Object(PDOException), 'mysql:host=mysq...', 'sail', Object(SensitiveParameterValue), Array)
#3 C:\\GitHub\\LaravelFieldServiceManagement\\vendor\\laravel\\framework\\src\\Illuminate\\Database\\Connectors\\MySqlConnector.php(24): Illuminate\\Database\\Connectors\\Connector->createConnection('mysql:host=mysq...', Array, Array)
#4 C:\\GitHub\\LaravelFieldServiceManagement\\vendor\\laravel\\framework\\src\\Illuminate\\Database\\Connectors\\ConnectionFactory.php(185): Illuminate\\Database\\Connectors\\MySqlConnector->connect(Array)
#5 [internal function]: Illuminate\\Database\\Connectors\\ConnectionFactory->{closure:Illuminate\\Database\\Connectors\\ConnectionFactory::createPdoResolverWithHosts():180}()
#6 C:\\GitHub\\LaravelFieldServiceManagement\\vendor\\laravel\\framework\\src\\Illuminate\\Database\\Connection.php(1231): call_user_func(Object(Closure))
#7 C:\\GitHub\\LaravelFieldServiceManagement\\vendor\\laravel\\framework\\src\\Illuminate\\Database\\Connection.php(1267): Illuminate\\Database\\Connection->getPdo()
#8 C:\\GitHub\\LaravelFieldServiceManagement\\vendor\\laravel\\framework\\src\\Illuminate\\Database\\Connection.php(512): Illuminate\\Database\\Connection->getReadPdo()
#9 C:\\GitHub\\LaravelFieldServiceManagement\\vendor\\laravel\\framework\\src\\Illuminate\\Database\\Connection.php(407): Illuminate\\Database\\Connection->getPdoForSelect(true)
#10 C:\\GitHub\\LaravelFieldServiceManagement\\vendor\\laravel\\framework\\src\\Illuminate\\Database\\Connection.php(812): Illuminate\\Database\\Connection->{closure:Illuminate\\Database\\Connection::select():398}('select exists (...', Array)
#11 C:\\GitHub\\LaravelFieldServiceManagement\\vendor\\laravel\\framework\\src\\Illuminate\\Database\\Connection.php(979): Illuminate\\Database\\Connection->runQueryCallback('select exists (...', Array, Object(Closure))
#12 C:\\GitHub\\LaravelFieldServiceManagement\\vendor\\laravel\\framework\\src\\Illuminate\\Database\\Connection.php(958): Illuminate\\Database\\Connection->tryAgainIfCausedByLostConnection(Object(Illuminate\\Database\\QueryException), 'select exists (...', Array, Object(Closure))
#13 C:\\GitHub\\LaravelFieldServiceManagement\\vendor\\laravel\\framework\\src\\Illuminate\\Database\\Connection.php(781): Illuminate\\Database\\Connection->handleQueryException(Object(Illuminate\\Database\\QueryException), 'select exists (...', Array, Object(Closure))
#14 C:\\GitHub\\LaravelFieldServiceManagement\\vendor\\laravel\\framework\\src\\Illuminate\\Database\\Connection.php(398): Illuminate\\Database\\Connection->run('select exists (...', Array, Object(Closure))
#15 C:\\GitHub\\LaravelFieldServiceManagement\\vendor\\laravel\\framework\\src\\Illuminate\\Database\\Connection.php(344): Illuminate\\Database\\Connection->select('select exists (...', Array, true)
#16 C:\\GitHub\\LaravelFieldServiceManagement\\vendor\\laravel\\framework\\src\\Illuminate\\Database\\Connection.php(361): Illuminate\\Database\\Connection->selectOne('select exists (...', Array, true)
#17 C:\\GitHub\\LaravelFieldServiceManagement\\vendor\\laravel\\framework\\src\\Illuminate\\Database\\Schema\\MySqlBuilder.php(45): Illuminate\\Database\\Connection->scalar('select exists (...')
#18 C:\\GitHub\\LaravelFieldServiceManagement\\vendor\\laravel\\framework\\src\\Illuminate\\Database\\Migrations\\DatabaseMigrationRepository.php(184): Illuminate\\Database\\Schema\\MySqlBuilder->hasTable('migrations')
#19 C:\\GitHub\\LaravelFieldServiceManagement\\vendor\\laravel\\framework\\src\\Illuminate\\Database\\Migrations\\Migrator.php(742): Illuminate\\Database\\Migrations\\DatabaseMigrationRepository->repositoryExists()
#20 C:\\GitHub\\LaravelFieldServiceManagement\\vendor\\laravel\\framework\\src\\Illuminate\\Database\\Console\\Migrations\\MigrateCommand.php(165): Illuminate\\Database\\Migrations\\Migrator->repositoryExists()
#21 C:\\GitHub\\LaravelFieldServiceManagement\\vendor\\laravel\\framework\\src\\Illuminate\\Support\\helpers.php(338): Illuminate\\Database\\Console\\Migrations\\MigrateCommand->{closure:Illuminate\\Database\\Console\\Migrations\\MigrateCommand::repositoryExists():165}(1)
#22 C:\\GitHub\\LaravelFieldServiceManagement\\vendor\\laravel\\framework\\src\\Illuminate\\Database\\Console\\Migrations\\MigrateCommand.php(165): retry(1, Object(Closure), 0, Object(Closure))
#23 C:\\GitHub\\LaravelFieldServiceManagement\\vendor\\laravel\\framework\\src\\Illuminate\\Database\\Console\\Migrations\\MigrateCommand.php(141): Illuminate\\Database\\Console\\Migrations\\MigrateCommand->repositoryExists()
#24 C:\\GitHub\\LaravelFieldServiceManagement\\vendor\\laravel\\framework\\src\\Illuminate\\Database\\Console\\Migrations\\MigrateCommand.php(111): Illuminate\\Database\\Console\\Migrations\\MigrateCommand->prepareDatabase()
#25 C:\\GitHub\\LaravelFieldServiceManagement\\vendor\\laravel\\framework\\src\\Illuminate\\Database\\Migrations\\Migrator.php(658): Illuminate\\Database\\Console\\Migrations\\MigrateCommand->{closure:Illuminate\\Database\\Console\\Migrations\\MigrateCommand::runMigrations():110}()
#26 C:\\GitHub\\LaravelFieldServiceManagement\\vendor\\laravel\\framework\\src\\Illuminate\\Database\\Console\\Migrations\\MigrateCommand.php(110): Illuminate\\Database\\Migrations\\Migrator->usingConnection(NULL, Object(Closure))
#27 C:\\GitHub\\LaravelFieldServiceManagement\\vendor\\laravel\\framework\\src\\Illuminate\\Database\\Console\\Migrations\\MigrateCommand.php(89): Illuminate\\Database\\Console\\Migrations\\MigrateCommand->runMigrations()
#28 C:\\GitHub\\LaravelFieldServiceManagement\\vendor\\laravel\\framework\\src\\Illuminate\\Container\\BoundMethod.php(36): Illuminate\\Database\\Console\\Migrations\\MigrateCommand->handle()
#29 C:\\GitHub\\LaravelFieldServiceManagement\\vendor\\laravel\\framework\\src\\Illuminate\\Container\\Util.php(43): Illuminate\\Container\\BoundMethod::{closure:Illuminate\\Container\\BoundMethod::call():35}()
#30 C:\\GitHub\\LaravelFieldServiceManagement\\vendor\\laravel\\framework\\src\\Illuminate\\Container\\BoundMethod.php(95): Illuminate\\Container\\Util::unwrapIfClosure(Object(Closure))
#31 C:\\GitHub\\LaravelFieldServiceManagement\\vendor\\laravel\\framework\\src\\Illuminate\\Container\\BoundMethod.php(35): Illuminate\\Container\\BoundMethod::callBoundMethod(Object(Illuminate\\Foundation\\Application), Array, Object(Closure))
#32 C:\\GitHub\\LaravelFieldServiceManagement\\vendor\\laravel\\framework\\src\\Illuminate\\Container\\Container.php(696): Illuminate\\Container\\BoundMethod::call(Object(Illuminate\\Foundation\\Application), Array, Array, NULL)
#33 C:\\GitHub\\LaravelFieldServiceManagement\\vendor\\laravel\\framework\\src\\Illuminate\\Console\\Command.php(213): Illuminate\\Container\\Container->call(Array)
#34 C:\\GitHub\\LaravelFieldServiceManagement\\vendor\\symfony\\console\\Command\\Command.php(318): Illuminate\\Console\\Command->execute(Object(Symfony\\Component\\Console\\Input\\ArgvInput), Object(Illuminate\\Console\\OutputStyle))
#35 C:\\GitHub\\LaravelFieldServiceManagement\\vendor\\laravel\\framework\\src\\Illuminate\\Console\\Command.php(182): Symfony\\Component\\Console\\Command\\Command->run(Object(Symfony\\Component\\Console\\Input\\ArgvInput), Object(Illuminate\\Console\\OutputStyle))
#36 C:\\GitHub\\LaravelFieldServiceManagement\\vendor\\symfony\\console\\Application.php(1073): Illuminate\\Console\\Command->run(Object(Symfony\\Component\\Console\\Input\\ArgvInput), Object(Symfony\\Component\\Console\\Output\\ConsoleOutput))
#37 C:\\GitHub\\LaravelFieldServiceManagement\\vendor\\symfony\\console\\Application.php(356): Symfony\\Component\\Console\\Application->doRunCommand(Object(Illuminate\\Database\\Console\\Migrations\\MigrateCommand), Object(Symfony\\Component\\Console\\Input\\ArgvInput), Object(Symfony\\Component\\Console\\Output\\ConsoleOutput))
#38 C:\\GitHub\\LaravelFieldServiceManagement\\vendor\\symfony\\console\\Application.php(195): Symfony\\Component\\Console\\Application->doRun(Object(Symfony\\Component\\Console\\Input\\ArgvInput), Object(Symfony\\Component\\Console\\Output\\ConsoleOutput))
#39 C:\\GitHub\\LaravelFieldServiceManagement\\vendor\\laravel\\framework\\src\\Illuminate\\Foundation\\Console\\Kernel.php(198): Symfony\\Component\\Console\\Application->run(Object(Symfony\\Component\\Console\\Input\\ArgvInput), Object(Symfony\\Component\\Console\\Output\\ConsoleOutput))
#40 C:\\GitHub\\LaravelFieldServiceManagement\\vendor\\laravel\\framework\\src\\Illuminate\\Foundation\\Application.php(1235): Illuminate\\Foundation\\Console\\Kernel->handle(Object(Symfony\\Component\\Console\\Input\\ArgvInput), Object(Symfony\\Component\\Console\\Output\\ConsoleOutput))
#41 C:\\GitHub\\LaravelFieldServiceManagement\\artisan(11): Illuminate\\Foundation\\Application->handleCommand(Object(Symfony\\Component\\Console\\Input\\ArgvInput))
#42 {main}

[previous exception] [object] (PDOException(code: 0): PDO::connect(): php_network_getaddresses: getaddrinfo for mysql failed: No such host is known at C:\\GitHub\\LaravelFieldServiceManagement\\vendor\\laravel\\framework\\src\\Illuminate\\Database\\Connectors\\Connector.php:67)
[stacktrace]
#0 C:\\GitHub\\LaravelFieldServiceManagement\\vendor\\laravel\\framework\\src\\Illuminate\\Database\\Connectors\\Connector.php(67): PDO::connect('mysql:host=mysq...', 'sail', Object(SensitiveParameterValue), Array)
#1 C:\\GitHub\\LaravelFieldServiceManagement\\vendor\\laravel\\framework\\src\\Illuminate\\Database\\Connectors\\Connector.php(85): Illuminate\\Database\\Connectors\\Connector->createPdoConnection('mysql:host=mysq...', 'sail', Object(SensitiveParameterValue), Array)
#2 C:\\GitHub\\LaravelFieldServiceManagement\\vendor\\laravel\\framework\\src\\Illuminate\\Database\\Connectors\\Connector.php(48): Illuminate\\Database\\Connectors\\Connector->tryAgainIfCausedByLostConnection(Object(PDOException), 'mysql:host=mysq...', 'sail', Object(SensitiveParameterValue), Array)
#3 C:\\GitHub\\LaravelFieldServiceManagement\\vendor\\laravel\\framework\\src\\Illuminate\\Database\\Connectors\\MySqlConnector.php(24): Illuminate\\Database\\Connectors\\Connector->createConnection('mysql:host=mysq...', Array, Array)
#4 C:\\GitHub\\LaravelFieldServiceManagement\\vendor\\laravel\\framework\\src\\Illuminate\\Database\\Connectors\\ConnectionFactory.php(185): Illuminate\\Database\\Connectors\\MySqlConnector->connect(Array)
#5 [internal function]: Illuminate\\Database\\Connectors\\ConnectionFactory->{closure:Illuminate\\Database\\Connectors\\ConnectionFactory::createPdoResolverWithHosts():180}()
#6 C:\\GitHub\\LaravelFieldServiceManagement\\vendor\\laravel\\framework\\src\\Illuminate\\Database\\Connection.php(1231): call_user_func(Object(Closure))
#7 C:\\GitHub\\LaravelFieldServiceManagement\\vendor\\laravel\\framework\\src\\Illuminate\\Database\\Connection.php(1267): Illuminate\\Database\\Connection->getPdo()
#8 C:\\GitHub\\LaravelFieldServiceManagement\\vendor\\laravel\\framework\\src\\Illuminate\\Database\\Connection.php(512): Illuminate\\Database\\Connection->getReadPdo()
#9 C:\\GitHub\\LaravelFieldServiceManagement\\vendor\\laravel\\framework\\src\\Illuminate\\Database\\Connection.php(407): Illuminate\\Database\\Connection->getPdoForSelect(true)
#10 C:\\GitHub\\LaravelFieldServiceManagement\\vendor\\laravel\\framework\\src\\Illuminate\\Database\\Connection.php(812): Illuminate\\Database\\Connection->{closure:Illuminate\\Database\\Connection::select():398}('select exists (...', Array)
#11 C:\\GitHub\\LaravelFieldServiceManagement\\vendor\\laravel\\framework\\src\\Illuminate\\Database\\Connection.php(979): Illuminate\\Database\\Connection->runQueryCallback('select exists (...', Array, Object(Closure))
#12 C:\\GitHub\\LaravelFieldServiceManagement\\vendor\\laravel\\framework\\src\\Illuminate\\Database\\Connection.php(958): Illuminate\\Database\\Connection->tryAgainIfCausedByLostConnection(Object(Illuminate\\Database\\QueryException), 'select exists (...', Array, Object(Closure))
#13 C:\\GitHub\\LaravelFieldServiceManagement\\vendor\\laravel\\framework\\src\\Illuminate\\Database\\Connection.php(781): Illuminate\\Database\\Connection->handleQueryException(Object(Illuminate\\Database\\QueryException), 'select exists (...', Array, Object(Closure))
#14 C:\\GitHub\\LaravelFieldServiceManagement\\vendor\\laravel\\framework\\src\\Illuminate\\Database\\Connection.php(398): Illuminate\\Database\\Connection->run('select exists (...', Array, Object(Closure))
#15 C:\\GitHub\\LaravelFieldServiceManagement\\vendor\\laravel\\framework\\src\\Illuminate\\Database\\Connection.php(344): Illuminate\\Database\\Connection->select('select exists (...', Array, true)
#16 C:\\GitHub\\LaravelFieldServiceManagement\\vendor\\laravel\\framework\\src\\Illuminate\\Database\\Connection.php(361): Illuminate\\Database\\Connection->selectOne('select exists (...', Array, true)
#17 C:\\GitHub\\LaravelFieldServiceManagement\\vendor\\laravel\\framework\\src\\Illuminate\\Database\\Schema\\MySqlBuilder.php(45): Illuminate\\Database\\Connection->scalar('select exists (...')
#18 C:\\GitHub\\LaravelFieldServiceManagement\\vendor\\laravel\\framework\\src\\Illuminate\\Database\\Migrations\\DatabaseMigrationRepository.php(184): Illuminate\\Database\\Schema\\MySqlBuilder->hasTable('migrations')
#19 C:\\GitHub\\LaravelFieldServiceManagement\\vendor\\laravel\\framework\\src\\Illuminate\\Database\\Migrations\\Migrator.php(742): Illuminate\\Database\\Migrations\\DatabaseMigrationRepository->repositoryExists()
#20 C:\\GitHub\\LaravelFieldServiceManagement\\vendor\\laravel\\framework\\src\\Illuminate\\Database\\Console\\Migrations\\MigrateCommand.php(165): Illuminate\\Database\\Migrations\\Migrator->repositoryExists()
#21 C:\\GitHub\\LaravelFieldServiceManagement\\vendor\\laravel\\framework\\src\\Illuminate\\Support\\helpers.php(338): Illuminate\\Database\\Console\\Migrations\\MigrateCommand->{closure:Illuminate\\Database\\Console\\Migrations\\MigrateCommand::repositoryExists():165}(1)
#22 C:\\GitHub\\LaravelFieldServiceManagement\\vendor\\laravel\\framework\\src\\Illuminate\\Database\\Console\\Migrations\\MigrateCommand.php(165): retry(1, Object(Closure), 0, Object(Closure))
#23 C:\\GitHub\\LaravelFieldServiceManagement\\vendor\\laravel\\framework\\src\\Illuminate\\Database\\Console\\Migrations\\MigrateCommand.php(141): Illuminate\\Database\\Console\\Migrations\\MigrateCommand->repositoryExists()
#24 C:\\GitHub\\LaravelFieldServiceManagement\\vendor\\laravel\\framework\\src\\Illuminate\\Database\\Console\\Migrations\\MigrateCommand.php(111): Illuminate\\Database\\Console\\Migrations\\MigrateCommand->prepareDatabase()
#25 C:\\GitHub\\LaravelFieldServiceManagement\\vendor\\laravel\\framework\\src\\Illuminate\\Database\\Migrations\\Migrator.php(658): Illuminate\\Database\\Console\\Migrations\\MigrateCommand->{closure:Illuminate\\Database\\Console\\Migrations\\MigrateCommand::runMigrations():110}()
#26 C:\\GitHub\\LaravelFieldServiceManagement\\vendor\\laravel\\framework\\src\\Illuminate\\Database\\Console\\Migrations\\MigrateCommand.php(110): Illuminate\\Database\\Migrations\\Migrator->usingConnection(NULL, Object(Closure))
#27 C:\\GitHub\\LaravelFieldServiceManagement\\vendor\\laravel\\framework\\src\\Illuminate\\Database\\Console\\Migrations\\MigrateCommand.php(89): Illuminate\\Database\\Console\\Migrations\\MigrateCommand->runMigrations()
#28 C:\\GitHub\\LaravelFieldServiceManagement\\vendor\\laravel\\framework\\src\\Illuminate\\Container\\BoundMethod.php(36): Illuminate\\Database\\Console\\Migrations\\MigrateCommand->handle()
#29 C:\\GitHub\\LaravelFieldServiceManagement\\vendor\\laravel\\framework\\src\\Illuminate\\Container\\Util.php(43): Illuminate\\Container\\BoundMethod::{closure:Illuminate\\Container\\BoundMethod::call():35}()
#30 C:\\GitHub\\LaravelFieldServiceManagement\\vendor\\laravel\\framework\\src\\Illuminate\\Container\\BoundMethod.php(95): Illuminate\\Container\\Util::unwrapIfClosure(Object(Closure))
#31 C:\\GitHub\\LaravelFieldServiceManagement\\vendor\\laravel\\framework\\src\\Illuminate\\Container\\BoundMethod.php(35): Illuminate\\Container\\BoundMethod::callBoundMethod(Object(Illuminate\\Foundation\\Application), Array, Object(Closure))
#32 C:\\GitHub\\LaravelFieldServiceManagement\\vendor\\laravel\\framework\\src\\Illuminate\\Container\\Container.php(696): Illuminate\\Container\\BoundMethod::call(Object(Illuminate\\Foundation\\Application), Array, Array, NULL)
#33 C:\\GitHub\\LaravelFieldServiceManagement\\vendor\\laravel\\framework\\src\\Illuminate\\Console\\Command.php(213): Illuminate\\Container\\Container->call(Array)
#34 C:\\GitHub\\LaravelFieldServiceManagement\\vendor\\symfony\\console\\Command\\Command.php(318): Illuminate\\Console\\Command->execute(Object(Symfony\\Component\\Console\\Input\\ArgvInput), Object(Illuminate\\Console\\OutputStyle))
#35 C:\\GitHub\\LaravelFieldServiceManagement\\vendor\\laravel\\framework\\src\\Illuminate\\Console\\Command.php(182): Symfony\\Component\\Console\\Command\\Command->run(Object(Symfony\\Component\\Console\\Input\\ArgvInput), Object(Illuminate\\Console\\OutputStyle))
#36 C:\\GitHub\\LaravelFieldServiceManagement\\vendor\\symfony\\console\\Application.php(1073): Illuminate\\Console\\Command->run(Object(Symfony\\Component\\Console\\Input\\ArgvInput), Object(Symfony\\Component\\Console\\Output\\ConsoleOutput))
#37 C:\\GitHub\\LaravelFieldServiceManagement\\vendor\\symfony\\console\\Application.php(356): Symfony\\Component\\Console\\Application->doRunCommand(Object(Illuminate\\Database\\Console\\Migrations\\MigrateCommand), Object(Symfony\\Component\\Console\\Input\\ArgvInput), Object(Symfony\\Component\\Console\\Output\\ConsoleOutput))
#38 C:\\GitHub\\LaravelFieldServiceManagement\\vendor\\symfony\\console\\Application.php(195): Symfony\\Component\\Console\\Application->doRun(Object(Symfony\\Component\\Console\\Input\\ArgvInput), Object(Symfony\\Component\\Console\\Output\\ConsoleOutput))
#39 C:\\GitHub\\LaravelFieldServiceManagement\\vendor\\laravel\\framework\\src\\Illuminate\\Foundation\\Console\\Kernel.php(198): Symfony\\Component\\Console\\Application->run(Object(Symfony\\Component\\Console\\Input\\ArgvInput), Object(Symfony\\Component\\Console\\Output\\ConsoleOutput))
#40 C:\\GitHub\\LaravelFieldServiceManagement\\vendor\\laravel\\framework\\src\\Illuminate\\Foundation\\Application.php(1235): Illuminate\\Foundation\\Console\\Kernel->handle(Object(Symfony\\Component\\Console\\Input\\ArgvInput), Object(Symfony\\Component\\Console\\Output\\ConsoleOutput))
#41 C:\\GitHub\\LaravelFieldServiceManagement\\artisan(11): Illuminate\\Foundation\\Application->handleCommand(Object(Symfony\\Component\\Console\\Input\\ArgvInput))
#42 {main}
"} 
[2025-11-02 22:05:27] development.ERROR: Unable to detect application namespace. {"exception":"[object] (RuntimeException(code: 0): Unable to detect application namespace. at C:\\GitHub\\LaravelFieldServiceManagement\\vendor\\laravel\\framework\\src\\Illuminate\\Foundation\\Application.php:1717)
[stacktrace]
#0 C:\\GitHub\\LaravelFieldServiceManagement\\vendor\\laravel\\framework\\src\\Illuminate\\Foundation\\Console\\Kernel.php(368): Illuminate\\Foundation\\Application->getNamespace()
#1 C:\\GitHub\\LaravelFieldServiceManagement\\vendor\\laravel\\framework\\src\\Illuminate\\Foundation\\Console\\Kernel.php(498): Illuminate\\Foundation\\Console\\Kernel->load(Array)
#2 C:\\GitHub\\LaravelFieldServiceManagement\\vendor\\laravel\\framework\\src\\Illuminate\\Foundation\\Console\\Kernel.php(483): Illuminate\\Foundation\\Console\\Kernel->discoverCommands()
#3 C:\\GitHub\\LaravelFieldServiceManagement\\vendor\\laravel\\framework\\src\\Illuminate\\Foundation\\Console\\Kernel.php(196): Illuminate\\Foundation\\Console\\Kernel->bootstrap()
#4 Command line code(1): Illuminate\\Foundation\\Console\\Kernel->handle(Object(Symfony\\Component\\Console\\Input\\ArgvInput), Object(Symfony\\Component\\Console\\Output\\ConsoleOutput))
#5 {main}
"} 
[2025-11-02 22:05:27] development.ERROR: Unable to detect application namespace. {"exception":"[object] (RuntimeException(code: 0): Unable to detect application namespace. at C:\\GitHub\\LaravelFieldServiceManagement\\vendor\\laravel\\framework\\src\\Illuminate\\Foundation\\Application.php:1717)
[stacktrace]
#0 C:\\GitHub\\LaravelFieldServiceManagement\\vendor\\laravel\\framework\\src\\Illuminate\\Foundation\\Console\\Kernel.php(368): Illuminate\\Foundation\\Application->getNamespace()
#1 C:\\GitHub\\LaravelFieldServiceManagement\\vendor\\laravel\\framework\\src\\Illuminate\\Foundation\\Console\\Kernel.php(498): Illuminate\\Foundation\\Console\\Kernel->load(Array)
#2 C:\\GitHub\\LaravelFieldServiceManagement\\vendor\\laravel\\framework\\src\\Illuminate\\Foundation\\Console\\Kernel.php(483): Illuminate\\Foundation\\Console\\Kernel->discoverCommands()
#3 C:\\GitHub\\LaravelFieldServiceManagement\\vendor\\laravel\\framework\\src\\Illuminate\\Foundation\\Console\\Kernel.php(196): Illuminate\\Foundation\\Console\\Kernel->bootstrap()
#4 Command line code(1): Illuminate\\Foundation\\Console\\Kernel->handle(Object(Symfony\\Component\\Console\\Input\\ArgvInput), Object(Symfony\\Component\\Console\\Output\\ConsoleOutput))
#5 {main}
"} 
[2025-11-02 22:05:27] development.ERROR: Unable to detect application namespace. {"exception":"[object] (RuntimeException(code: 0): Unable to detect application namespace. at C:\\GitHub\\LaravelFieldServiceManagement\\vendor\\laravel\\framework\\src\\Illuminate\\Foundation\\Application.php:1717)
[stacktrace]
#0 C:\\GitHub\\LaravelFieldServiceManagement\\vendor\\laravel\\framework\\src\\Illuminate\\Foundation\\Console\\Kernel.php(368): Illuminate\\Foundation\\Application->getNamespace()
#1 C:\\GitHub\\LaravelFieldServiceManagement\\vendor\\laravel\\framework\\src\\Illuminate\\Foundation\\Console\\Kernel.php(498): Illuminate\\Foundation\\Console\\Kernel->load(Array)
#2 C:\\GitHub\\LaravelFieldServiceManagement\\vendor\\laravel\\framework\\src\\Illuminate\\Foundation\\Console\\Kernel.php(483): Illuminate\\Foundation\\Console\\Kernel->discoverCommands()
#3 C:\\GitHub\\LaravelFieldServiceManagement\\vendor\\laravel\\framework\\src\\Illuminate\\Foundation\\Console\\Kernel.php(196): Illuminate\\Foundation\\Console\\Kernel->bootstrap()
#4 Command line code(1): Illuminate\\Foundation\\Console\\Kernel->handle(Object(Symfony\\Component\\Console\\Input\\ArgvInput), Object(Symfony\\Component\\Console\\Output\\ConsoleOutput))
#5 {main}
"} 
[2025-11-02 22:05:27] development.ERROR: Unable to detect application namespace. {"exception":"[object] (RuntimeException(code: 0): Unable to detect application namespace. at C:\\GitHub\\LaravelFieldServiceManagement\\vendor\\laravel\\framework\\src\\Illuminate\\Foundation\\Application.php:1717)
[stacktrace]
#0 C:\\GitHub\\LaravelFieldServiceManagement\\vendor\\laravel\\framework\\src\\Illuminate\\Foundation\\Console\\Kernel.php(368): Illuminate\\Foundation\\Application->getNamespace()
#1 C:\\GitHub\\LaravelFieldServiceManagement\\vendor\\laravel\\framework\\src\\Illuminate\\Foundation\\Console\\Kernel.php(498): Illuminate\\Foundation\\Console\\Kernel->load(Array)
#2 C:\\GitHub\\LaravelFieldServiceManagement\\vendor\\laravel\\framework\\src\\Illuminate\\Foundation\\Console\\Kernel.php(483): Illuminate\\Foundation\\Console\\Kernel->discoverCommands()
#3 C:\\GitHub\\LaravelFieldServiceManagement\\vendor\\laravel\\framework\\src\\Illuminate\\Foundation\\Console\\Kernel.php(196): Illuminate\\Foundation\\Console\\Kernel->bootstrap()
#4 Command line code(1): Illuminate\\Foundation\\Console\\Kernel->handle(Object(Symfony\\Component\\Console\\Input\\ArgvInput), Object(Symfony\\Component\\Console\\Output\\ConsoleOutput))
#5 {main}
"} 
[2025-11-02 22:05:27] development.ERROR: Unable to detect application namespace. {"exception":"[object] (RuntimeException(code: 0): Unable to detect application namespace. at C:\\GitHub\\LaravelFieldServiceManagement\\vendor\\laravel\\framework\\src\\Illuminate\\Foundation\\Application.php:1717)
[stacktrace]
#0 C:\\GitHub\\LaravelFieldServiceManagement\\vendor\\laravel\\framework\\src\\Illuminate\\Foundation\\Console\\Kernel.php(368): Illuminate\\Foundation\\Application->getNamespace()
#1 C:\\GitHub\\LaravelFieldServiceManagement\\vendor\\laravel\\framework\\src\\Illuminate\\Foundation\\Console\\Kernel.php(498): Illuminate\\Foundation\\Console\\Kernel->load(Array)
#2 C:\\GitHub\\LaravelFieldServiceManagement\\vendor\\laravel\\framework\\src\\Illuminate\\Foundation\\Console\\Kernel.php(483): Illuminate\\Foundation\\Console\\Kernel->discoverCommands()
#3 C:\\GitHub\\LaravelFieldServiceManagement\\vendor\\laravel\\framework\\src\\Illuminate\\Foundation\\Console\\Kernel.php(196): Illuminate\\Foundation\\Console\\Kernel->bootstrap()
#4 Command line code(1): Illuminate\\Foundation\\Console\\Kernel->handle(Object(Symfony\\Component\\Console\\Input\\ArgvInput), Object(Symfony\\Component\\Console\\Output\\ConsoleOutput))
#5 {main}
"} 
[2025-11-02 22:05:27] development.ERROR: Unable to detect application namespace. {"exception":"[object] (RuntimeException(code: 0): Unable to detect application namespace. at C:\\GitHub\\LaravelFieldServiceManagement\\vendor\\laravel\\framework\\src\\Illuminate\\Foundation\\Application.php:1717)
[stacktrace]
#0 C:\\GitHub\\LaravelFieldServiceManagement\\vendor\\laravel\\framework\\src\\Illuminate\\Foundation\\Console\\Kernel.php(368): Illuminate\\Foundation\\Application->getNamespace()
#1 C:\\GitHub\\LaravelFieldServiceManagement\\vendor\\laravel\\framework\\src\\Illuminate\\Foundation\\Console\\Kernel.php(498): Illuminate\\Foundation\\Console\\Kernel->load(Array)
#2 C:\\GitHub\\LaravelFieldServiceManagement\\vendor\\laravel\\framework\\src\\Illuminate\\Foundation\\Console\\Kernel.php(483): Illuminate\\Foundation\\Console\\Kernel->discoverCommands()
#3 C:\\GitHub\\LaravelFieldServiceManagement\\vendor\\laravel\\framework\\src\\Illuminate\\Foundation\\Console\\Kernel.php(196): Illuminate\\Foundation\\Console\\Kernel->bootstrap()
#4 Command line code(1): Illuminate\\Foundation\\Console\\Kernel->handle(Object(Symfony\\Component\\Console\\Input\\ArgvInput), Object(Symfony\\Component\\Console\\Output\\ConsoleOutput))
#5 {main}
"} 
[2025-11-02 22:05:28] development.ERROR: Unable to detect application namespace. {"exception":"[object] (RuntimeException(code: 0): Unable to detect application namespace. at C:\\GitHub\\LaravelFieldServiceManagement\\vendor\\laravel\\framework\\src\\Illuminate\\Foundation\\Application.php:1717)
[stacktrace]
#0 C:\\GitHub\\LaravelFieldServiceManagement\\vendor\\laravel\\framework\\src\\Illuminate\\Foundation\\Console\\Kernel.php(368): Illuminate\\Foundation\\Application->getNamespace()
#1 C:\\GitHub\\LaravelFieldServiceManagement\\vendor\\laravel\\framework\\src\\Illuminate\\Foundation\\Console\\Kernel.php(498): Illuminate\\Foundation\\Console\\Kernel->load(Array)
#2 C:\\GitHub\\LaravelFieldServiceManagement\\vendor\\laravel\\framework\\src\\Illuminate\\Foundation\\Console\\Kernel.php(483): Illuminate\\Foundation\\Console\\Kernel->discoverCommands()
#3 C:\\GitHub\\LaravelFieldServiceManagement\\vendor\\laravel\\framework\\src\\Illuminate\\Foundation\\Console\\Kernel.php(196): Illuminate\\Foundation\\Console\\Kernel->bootstrap()
#4 Command line code(1): Illuminate\\Foundation\\Console\\Kernel->handle(Object(Symfony\\Component\\Console\\Input\\ArgvInput), Object(Symfony\\Component\\Console\\Output\\ConsoleOutput))
#5 {main}
"} 
[2025-11-02 22:05:28] development.ERROR: Unable to detect application namespace. {"exception":"[object] (RuntimeException(code: 0): Unable to detect application namespace. at C:\\GitHub\\LaravelFieldServiceManagement\\vendor\\laravel\\framework\\src\\Illuminate\\Foundation\\Application.php:1717)
[stacktrace]
#0 C:\\GitHub\\LaravelFieldServiceManagement\\vendor\\laravel\\framework\\src\\Illuminate\\Foundation\\Console\\Kernel.php(368): Illuminate\\Foundation\\Application->getNamespace()
#1 C:\\GitHub\\LaravelFieldServiceManagement\\vendor\\laravel\\framework\\src\\Illuminate\\Foundation\\Console\\Kernel.php(498): Illuminate\\Foundation\\Console\\Kernel->load(Array)
#2 C:\\GitHub\\LaravelFieldServiceManagement\\vendor\\laravel\\framework\\src\\Illuminate\\Foundation\\Console\\Kernel.php(483): Illuminate\\Foundation\\Console\\Kernel->discoverCommands()
#3 C:\\GitHub\\LaravelFieldServiceManagement\\vendor\\laravel\\framework\\src\\Illuminate\\Foundation\\Console\\Kernel.php(196): Illuminate\\Foundation\\Console\\Kernel->bootstrap()
#4 Command line code(1): Illuminate\\Foundation\\Console\\Kernel->handle(Object(Symfony\\Component\\Console\\Input\\ArgvInput), Object(Symfony\\Component\\Console\\Output\\ConsoleOutput))
#5 {main}
"} 
[2025-11-02 22:05:28] development.ERROR: Unable to detect application namespace. {"exception":"[object] (RuntimeException(code: 0): Unable to detect application namespace. at C:\\GitHub\\LaravelFieldServiceManagement\\vendor\\laravel\\framework\\src\\Illuminate\\Foundation\\Application.php:1717)
[stacktrace]
#0 C:\\GitHub\\LaravelFieldServiceManagement\\vendor\\laravel\\framework\\src\\Illuminate\\Foundation\\Console\\Kernel.php(368): Illuminate\\Foundation\\Application->getNamespace()
#1 C:\\GitHub\\LaravelFieldServiceManagement\\vendor\\laravel\\framework\\src\\Illuminate\\Foundation\\Console\\Kernel.php(498): Illuminate\\Foundation\\Console\\Kernel->load(Array)
#2 C:\\GitHub\\LaravelFieldServiceManagement\\vendor\\laravel\\framework\\src\\Illuminate\\Foundation\\Console\\Kernel.php(483): Illuminate\\Foundation\\Console\\Kernel->discoverCommands()
#3 C:\\GitHub\\LaravelFieldServiceManagement\\vendor\\laravel\\framework\\src\\Illuminate\\Foundation\\Console\\Kernel.php(196): Illuminate\\Foundation\\Console\\Kernel->bootstrap()
#4 Command line code(1): Illuminate\\Foundation\\Console\\Kernel->handle(Object(Symfony\\Component\\Console\\Input\\ArgvInput), Object(Symfony\\Component\\Console\\Output\\ConsoleOutput))
#5 {main}
"} 
[2025-11-02 22:05:28] development.ERROR: Unable to detect application namespace. {"exception":"[object] (RuntimeException(code: 0): Unable to detect application namespace. at C:\\GitHub\\LaravelFieldServiceManagement\\vendor\\laravel\\framework\\src\\Illuminate\\Foundation\\Application.php:1717)
[stacktrace]
#0 C:\\GitHub\\LaravelFieldServiceManagement\\vendor\\laravel\\framework\\src\\Illuminate\\Foundation\\Console\\Kernel.php(368): Illuminate\\Foundation\\Application->getNamespace()
#1 C:\\GitHub\\LaravelFieldServiceManagement\\vendor\\laravel\\framework\\src\\Illuminate\\Foundation\\Console\\Kernel.php(498): Illuminate\\Foundation\\Console\\Kernel->load(Array)
#2 C:\\GitHub\\LaravelFieldServiceManagement\\vendor\\laravel\\framework\\src\\Illuminate\\Foundation\\Console\\Kernel.php(483): Illuminate\\Foundation\\Console\\Kernel->discoverCommands()
#3 C:\\GitHub\\LaravelFieldServiceManagement\\vendor\\laravel\\framework\\src\\Illuminate\\Foundation\\Console\\Kernel.php(196): Illuminate\\Foundation\\Console\\Kernel->bootstrap()
#4 Command line code(1): Illuminate\\Foundation\\Console\\Kernel->handle(Object(Symfony\\Component\\Console\\Input\\ArgvInput), Object(Symfony\\Component\\Console\\Output\\ConsoleOutput))
#5 {main}
"} 
[2025-11-02 22:06:26] development.ERROR: Unable to detect application namespace. {"exception":"[object] (RuntimeException(code: 0): Unable to detect application namespace. at C:\\GitHub\\LaravelFieldServiceManagement\\vendor\\laravel\\framework\\src\\Illuminate\\Foundation\\Application.php:1717)
[stacktrace]
#0 C:\\GitHub\\LaravelFieldServiceManagement\\vendor\\laravel\\framework\\src\\Illuminate\\Foundation\\Console\\Kernel.php(368): Illuminate\\Foundation\\Application->getNamespace()
#1 C:\\GitHub\\LaravelFieldServiceManagement\\vendor\\laravel\\framework\\src\\Illuminate\\Foundation\\Console\\Kernel.php(498): Illuminate\\Foundation\\Console\\Kernel->load(Array)
#2 C:\\GitHub\\LaravelFieldServiceManagement\\vendor\\laravel\\framework\\src\\Illuminate\\Foundation\\Console\\Kernel.php(483): Illuminate\\Foundation\\Console\\Kernel->discoverCommands()
#3 C:\\GitHub\\LaravelFieldServiceManagement\\vendor\\laravel\\framework\\src\\Illuminate\\Foundation\\Console\\Kernel.php(196): Illuminate\\Foundation\\Console\\Kernel->bootstrap()
#4 Command line code(1): Illuminate\\Foundation\\Console\\Kernel->handle(Object(Symfony\\Component\\Console\\Input\\ArgvInput), Object(Symfony\\Component\\Console\\Output\\ConsoleOutput))
#5 {main}
"} 
[2025-11-02 22:06:26] development.ERROR: Unable to detect application namespace. {"exception":"[object] (RuntimeException(code: 0): Unable to detect application namespace. at C:\\GitHub\\LaravelFieldServiceManagement\\vendor\\laravel\\framework\\src\\Illuminate\\Foundation\\Application.php:1717)
[stacktrace]
#0 C:\\GitHub\\LaravelFieldServiceManagement\\vendor\\laravel\\framework\\src\\Illuminate\\Foundation\\Console\\Kernel.php(368): Illuminate\\Foundation\\Application->getNamespace()
#1 C:\\GitHub\\LaravelFieldServiceManagement\\vendor\\laravel\\framework\\src\\Illuminate\\Foundation\\Console\\Kernel.php(498): Illuminate\\Foundation\\Console\\Kernel->load(Array)
#2 C:\\GitHub\\LaravelFieldServiceManagement\\vendor\\laravel\\framework\\src\\Illuminate\\Foundation\\Console\\Kernel.php(483): Illuminate\\Foundation\\Console\\Kernel->discoverCommands()
#3 C:\\GitHub\\LaravelFieldServiceManagement\\vendor\\laravel\\framework\\src\\Illuminate\\Foundation\\Console\\Kernel.php(196): Illuminate\\Foundation\\Console\\Kernel->bootstrap()
#4 Command line code(1): Illuminate\\Foundation\\Console\\Kernel->handle(Object(Symfony\\Component\\Console\\Input\\ArgvInput), Object(Symfony\\Component\\Console\\Output\\ConsoleOutput))
#5 {main}
"} 
[2025-11-02 22:07:27] development.ERROR: Unable to detect application namespace. {"exception":"[object] (RuntimeException(code: 0): Unable to detect application namespace. at C:\\GitHub\\LaravelFieldServiceManagement\\vendor\\laravel\\framework\\src\\Illuminate\\Foundation\\Application.php:1717)
[stacktrace]
#0 C:\\GitHub\\LaravelFieldServiceManagement\\vendor\\laravel\\framework\\src\\Illuminate\\Foundation\\Console\\Kernel.php(368): Illuminate\\Foundation\\Application->getNamespace()
#1 C:\\GitHub\\LaravelFieldServiceManagement\\vendor\\laravel\\framework\\src\\Illuminate\\Foundation\\Console\\Kernel.php(498): Illuminate\\Foundation\\Console\\Kernel->load(Array)
#2 C:\\GitHub\\LaravelFieldServiceManagement\\vendor\\laravel\\framework\\src\\Illuminate\\Foundation\\Console\\Kernel.php(483): Illuminate\\Foundation\\Console\\Kernel->discoverCommands()
#3 C:\\GitHub\\LaravelFieldServiceManagement\\vendor\\laravel\\framework\\src\\Illuminate\\Foundation\\Console\\Kernel.php(196): Illuminate\\Foundation\\Console\\Kernel->bootstrap()
#4 Command line code(1): Illuminate\\Foundation\\Console\\Kernel->handle(Object(Symfony\\Component\\Console\\Input\\ArgvInput), Object(Symfony\\Component\\Console\\Output\\ConsoleOutput))
#5 {main}
"} 
[2025-11-02 22:07:27] development.ERROR: Unable to detect application namespace. {"exception":"[object] (RuntimeException(code: 0): Unable to detect application namespace. at C:\\GitHub\\LaravelFieldServiceManagement\\vendor\\laravel\\framework\\src\\Illuminate\\Foundation\\Application.php:1717)
[stacktrace]
#0 C:\\GitHub\\LaravelFieldServiceManagement\\vendor\\laravel\\framework\\src\\Illuminate\\Foundation\\Console\\Kernel.php(368): Illuminate\\Foundation\\Application->getNamespace()
#1 C:\\GitHub\\LaravelFieldServiceManagement\\vendor\\laravel\\framework\\src\\Illuminate\\Foundation\\Console\\Kernel.php(498): Illuminate\\Foundation\\Console\\Kernel->load(Array)
#2 C:\\GitHub\\LaravelFieldServiceManagement\\vendor\\laravel\\framework\\src\\Illuminate\\Foundation\\Console\\Kernel.php(483): Illuminate\\Foundation\\Console\\Kernel->discoverCommands()
#3 C:\\GitHub\\LaravelFieldServiceManagement\\vendor\\laravel\\framework\\src\\Illuminate\\Foundation\\Console\\Kernel.php(196): Illuminate\\Foundation\\Console\\Kernel->bootstrap()
#4 Command line code(1): Illuminate\\Foundation\\Console\\Kernel->handle(Object(Symfony\\Component\\Console\\Input\\ArgvInput), Object(Symfony\\Component\\Console\\Output\\ConsoleOutput))
#5 {main}
"} 
[2025-11-02 22:08:27] development.ERROR: Unable to detect application namespace. {"exception":"[object] (RuntimeException(code: 0): Unable to detect application namespace. at C:\\GitHub\\LaravelFieldServiceManagement\\vendor\\laravel\\framework\\src\\Illuminate\\Foundation\\Application.php:1717)
[stacktrace]
#0 C:\\GitHub\\LaravelFieldServiceManagement\\vendor\\laravel\\framework\\src\\Illuminate\\Foundation\\Console\\Kernel.php(368): Illuminate\\Foundation\\Application->getNamespace()
#1 C:\\GitHub\\LaravelFieldServiceManagement\\vendor\\laravel\\framework\\src\\Illuminate\\Foundation\\Console\\Kernel.php(498): Illuminate\\Foundation\\Console\\Kernel->load(Array)
#2 C:\\GitHub\\LaravelFieldServiceManagement\\vendor\\laravel\\framework\\src\\Illuminate\\Foundation\\Console\\Kernel.php(483): Illuminate\\Foundation\\Console\\Kernel->discoverCommands()
#3 C:\\GitHub\\LaravelFieldServiceManagement\\vendor\\laravel\\framework\\src\\Illuminate\\Foundation\\Console\\Kernel.php(196): Illuminate\\Foundation\\Console\\Kernel->bootstrap()
#4 Command line code(1): Illuminate\\Foundation\\Console\\Kernel->handle(Object(Symfony\\Component\\Console\\Input\\ArgvInput), Object(Symfony\\Component\\Console\\Output\\ConsoleOutput))
#5 {main}
"} 
[2025-11-02 22:08:27] development.ERROR: Unable to detect application namespace. {"exception":"[object] (RuntimeException(code: 0): Unable to detect application namespace. at C:\\GitHub\\LaravelFieldServiceManagement\\vendor\\laravel\\framework\\src\\Illuminate\\Foundation\\Application.php:1717)
[stacktrace]
#0 C:\\GitHub\\LaravelFieldServiceManagement\\vendor\\laravel\\framework\\src\\Illuminate\\Foundation\\Console\\Kernel.php(368): Illuminate\\Foundation\\Application->getNamespace()
#1 C:\\GitHub\\LaravelFieldServiceManagement\\vendor\\laravel\\framework\\src\\Illuminate\\Foundation\\Console\\Kernel.php(498): Illuminate\\Foundation\\Console\\Kernel->load(Array)
#2 C:\\GitHub\\LaravelFieldServiceManagement\\vendor\\laravel\\framework\\src\\Illuminate\\Foundation\\Console\\Kernel.php(483): Illuminate\\Foundation\\Console\\Kernel->discoverCommands()
#3 C:\\GitHub\\LaravelFieldServiceManagement\\vendor\\laravel\\framework\\src\\Illuminate\\Foundation\\Console\\Kernel.php(196): Illuminate\\Foundation\\Console\\Kernel->bootstrap()
#4 Command line code(1): Illuminate\\Foundation\\Console\\Kernel->handle(Object(Symfony\\Component\\Console\\Input\\ArgvInput), Object(Symfony\\Component\\Console\\Output\\ConsoleOutput))
#5 {main}
"} 
[2025-11-02 22:09:27] development.ERROR: Unable to detect application namespace. {"exception":"[object] (RuntimeException(code: 0): Unable to detect application namespace. at C:\\GitHub\\LaravelFieldServiceManagement\\vendor\\laravel\\framework\\src\\Illuminate\\Foundation\\Application.php:1717)
[stacktrace]
#0 C:\\GitHub\\LaravelFieldServiceManagement\\vendor\\laravel\\framework\\src\\Illuminate\\Foundation\\Console\\Kernel.php(368): Illuminate\\Foundation\\Application->getNamespace()
#1 C:\\GitHub\\LaravelFieldServiceManagement\\vendor\\laravel\\framework\\src\\Illuminate\\Foundation\\Console\\Kernel.php(498): Illuminate\\Foundation\\Console\\Kernel->load(Array)
#2 C:\\GitHub\\LaravelFieldServiceManagement\\vendor\\laravel\\framework\\src\\Illuminate\\Foundation\\Console\\Kernel.php(483): Illuminate\\Foundation\\Console\\Kernel->discoverCommands()
#3 C:\\GitHub\\LaravelFieldServiceManagement\\vendor\\laravel\\framework\\src\\Illuminate\\Foundation\\Console\\Kernel.php(196): Illuminate\\Foundation\\Console\\Kernel->bootstrap()
#4 Command line code(1): Illuminate\\Foundation\\Console\\Kernel->handle(Object(Symfony\\Component\\Console\\Input\\ArgvInput), Object(Symfony\\Component\\Console\\Output\\ConsoleOutput))
#5 {main}
"} 
[2025-11-02 22:09:27] development.ERROR: Unable to detect application namespace. {"exception":"[object] (RuntimeException(code: 0): Unable to detect application namespace. at C:\\GitHub\\LaravelFieldServiceManagement\\vendor\\laravel\\framework\\src\\Illuminate\\Foundation\\Application.php:1717)
[stacktrace]
#0 C:\\GitHub\\LaravelFieldServiceManagement\\vendor\\laravel\\framework\\src\\Illuminate\\Foundation\\Console\\Kernel.php(368): Illuminate\\Foundation\\Application->getNamespace()
#1 C:\\GitHub\\LaravelFieldServiceManagement\\vendor\\laravel\\framework\\src\\Illuminate\\Foundation\\Console\\Kernel.php(498): Illuminate\\Foundation\\Console\\Kernel->load(Array)
#2 C:\\GitHub\\LaravelFieldServiceManagement\\vendor\\laravel\\framework\\src\\Illuminate\\Foundation\\Console\\Kernel.php(483): Illuminate\\Foundation\\Console\\Kernel->discoverCommands()
#3 C:\\GitHub\\LaravelFieldServiceManagement\\vendor\\laravel\\framework\\src\\Illuminate\\Foundation\\Console\\Kernel.php(196): Illuminate\\Foundation\\Console\\Kernel->bootstrap()
#4 Command line code(1): Illuminate\\Foundation\\Console\\Kernel->handle(Object(Symfony\\Component\\Console\\Input\\ArgvInput), Object(Symfony\\Component\\Console\\Output\\ConsoleOutput))
#5 {main}
"} 
[2025-11-02 22:10:27] development.ERROR: Unable to detect application namespace. {"exception":"[object] (RuntimeException(code: 0): Unable to detect application namespace. at C:\\GitHub\\LaravelFieldServiceManagement\\vendor\\laravel\\framework\\src\\Illuminate\\Foundation\\Application.php:1717)
[stacktrace]
#0 C:\\GitHub\\LaravelFieldServiceManagement\\vendor\\laravel\\framework\\src\\Illuminate\\Foundation\\Console\\Kernel.php(368): Illuminate\\Foundation\\Application->getNamespace()
#1 C:\\GitHub\\LaravelFieldServiceManagement\\vendor\\laravel\\framework\\src\\Illuminate\\Foundation\\Console\\Kernel.php(498): Illuminate\\Foundation\\Console\\Kernel->load(Array)
#2 C:\\GitHub\\LaravelFieldServiceManagement\\vendor\\laravel\\framework\\src\\Illuminate\\Foundation\\Console\\Kernel.php(483): Illuminate\\Foundation\\Console\\Kernel->discoverCommands()
#3 C:\\GitHub\\LaravelFieldServiceManagement\\vendor\\laravel\\framework\\src\\Illuminate\\Foundation\\Console\\Kernel.php(196): Illuminate\\Foundation\\Console\\Kernel->bootstrap()
#4 Command line code(1): Illuminate\\Foundation\\Console\\Kernel->handle(Object(Symfony\\Component\\Console\\Input\\ArgvInput), Object(Symfony\\Component\\Console\\Output\\ConsoleOutput))
#5 {main}
"} 
[2025-11-02 22:10:27] development.ERROR: Unable to detect application namespace. {"exception":"[object] (RuntimeException(code: 0): Unable to detect application namespace. at C:\\GitHub\\LaravelFieldServiceManagement\\vendor\\laravel\\framework\\src\\Illuminate\\Foundation\\Application.php:1717)
[stacktrace]
#0 C:\\GitHub\\LaravelFieldServiceManagement\\vendor\\laravel\\framework\\src\\Illuminate\\Foundation\\Console\\Kernel.php(368): Illuminate\\Foundation\\Application->getNamespace()
#1 C:\\GitHub\\LaravelFieldServiceManagement\\vendor\\laravel\\framework\\src\\Illuminate\\Foundation\\Console\\Kernel.php(498): Illuminate\\Foundation\\Console\\Kernel->load(Array)
#2 C:\\GitHub\\LaravelFieldServiceManagement\\vendor\\laravel\\framework\\src\\Illuminate\\Foundation\\Console\\Kernel.php(483): Illuminate\\Foundation\\Console\\Kernel->discoverCommands()
#3 C:\\GitHub\\LaravelFieldServiceManagement\\vendor\\laravel\\framework\\src\\Illuminate\\Foundation\\Console\\Kernel.php(196): Illuminate\\Foundation\\Console\\Kernel->bootstrap()
#4 Command line code(1): Illuminate\\Foundation\\Console\\Kernel->handle(Object(Symfony\\Component\\Console\\Input\\ArgvInput), Object(Symfony\\Component\\Console\\Output\\ConsoleOutput))
#5 {main}
"} 
[2025-11-02 22:11:27] development.ERROR: Unable to detect application namespace. {"exception":"[object] (RuntimeException(code: 0): Unable to detect application namespace. at C:\\GitHub\\LaravelFieldServiceManagement\\vendor\\laravel\\framework\\src\\Illuminate\\Foundation\\Application.php:1717)
[stacktrace]
#0 C:\\GitHub\\LaravelFieldServiceManagement\\vendor\\laravel\\framework\\src\\Illuminate\\Foundation\\Console\\Kernel.php(368): Illuminate\\Foundation\\Application->getNamespace()
#1 C:\\GitHub\\LaravelFieldServiceManagement\\vendor\\laravel\\framework\\src\\Illuminate\\Foundation\\Console\\Kernel.php(498): Illuminate\\Foundation\\Console\\Kernel->load(Array)
#2 C:\\GitHub\\LaravelFieldServiceManagement\\vendor\\laravel\\framework\\src\\Illuminate\\Foundation\\Console\\Kernel.php(483): Illuminate\\Foundation\\Console\\Kernel->discoverCommands()
#3 C:\\GitHub\\LaravelFieldServiceManagement\\vendor\\laravel\\framework\\src\\Illuminate\\Foundation\\Console\\Kernel.php(196): Illuminate\\Foundation\\Console\\Kernel->bootstrap()
#4 Command line code(1): Illuminate\\Foundation\\Console\\Kernel->handle(Object(Symfony\\Component\\Console\\Input\\ArgvInput), Object(Symfony\\Component\\Console\\Output\\ConsoleOutput))
#5 {main}
"} 
[2025-11-02 22:12:27] development.ERROR: Unable to detect application namespace. {"exception":"[object] (RuntimeException(code: 0): Unable to detect application namespace. at C:\\GitHub\\LaravelFieldServiceManagement\\vendor\\laravel\\framework\\src\\Illuminate\\Foundation\\Application.php:1717)
[stacktrace]
#0 C:\\GitHub\\LaravelFieldServiceManagement\\vendor\\laravel\\framework\\src\\Illuminate\\Foundation\\Console\\Kernel.php(368): Illuminate\\Foundation\\Application->getNamespace()
#1 C:\\GitHub\\LaravelFieldServiceManagement\\vendor\\laravel\\framework\\src\\Illuminate\\Foundation\\Console\\Kernel.php(498): Illuminate\\Foundation\\Console\\Kernel->load(Array)
#2 C:\\GitHub\\LaravelFieldServiceManagement\\vendor\\laravel\\framework\\src\\Illuminate\\Foundation\\Console\\Kernel.php(483): Illuminate\\Foundation\\Console\\Kernel->discoverCommands()
#3 C:\\GitHub\\LaravelFieldServiceManagement\\vendor\\laravel\\framework\\src\\Illuminate\\Foundation\\Console\\Kernel.php(196): Illuminate\\Foundation\\Console\\Kernel->bootstrap()
#4 Command line code(1): Illuminate\\Foundation\\Console\\Kernel->handle(Object(Symfony\\Component\\Console\\Input\\ArgvInput), Object(Symfony\\Component\\Console\\Output\\ConsoleOutput))
#5 {main}
"} 
[2025-11-02 22:12:27] development.ERROR: Unable to detect application namespace. {"exception":"[object] (RuntimeException(code: 0): Unable to detect application namespace. at C:\\GitHub\\LaravelFieldServiceManagement\\vendor\\laravel\\framework\\src\\Illuminate\\Foundation\\Application.php:1717)
[stacktrace]
#0 C:\\GitHub\\LaravelFieldServiceManagement\\vendor\\laravel\\framework\\src\\Illuminate\\Foundation\\Console\\Kernel.php(368): Illuminate\\Foundation\\Application->getNamespace()
#1 C:\\GitHub\\LaravelFieldServiceManagement\\vendor\\laravel\\framework\\src\\Illuminate\\Foundation\\Console\\Kernel.php(498): Illuminate\\Foundation\\Console\\Kernel->load(Array)
#2 C:\\GitHub\\LaravelFieldServiceManagement\\vendor\\laravel\\framework\\src\\Illuminate\\Foundation\\Console\\Kernel.php(483): Illuminate\\Foundation\\Console\\Kernel->discoverCommands()
#3 C:\\GitHub\\LaravelFieldServiceManagement\\vendor\\laravel\\framework\\src\\Illuminate\\Foundation\\Console\\Kernel.php(196): Illuminate\\Foundation\\Console\\Kernel->bootstrap()
#4 Command line code(1): Illuminate\\Foundation\\Console\\Kernel->handle(Object(Symfony\\Component\\Console\\Input\\ArgvInput), Object(Symfony\\Component\\Console\\Output\\ConsoleOutput))
#5 {main}
"} 
[2025-11-02 22:13:27] development.ERROR: Unable to detect application namespace. {"exception":"[object] (RuntimeException(code: 0): Unable to detect application namespace. at C:\\GitHub\\LaravelFieldServiceManagement\\vendor\\laravel\\framework\\src\\Illuminate\\Foundation\\Application.php:1717)
[stacktrace]
#0 C:\\GitHub\\LaravelFieldServiceManagement\\vendor\\laravel\\framework\\src\\Illuminate\\Foundation\\Console\\Kernel.php(368): Illuminate\\Foundation\\Application->getNamespace()
#1 C:\\GitHub\\LaravelFieldServiceManagement\\vendor\\laravel\\framework\\src\\Illuminate\\Foundation\\Console\\Kernel.php(498): Illuminate\\Foundation\\Console\\Kernel->load(Array)
#2 C:\\GitHub\\LaravelFieldServiceManagement\\vendor\\laravel\\framework\\src\\Illuminate\\Foundation\\Console\\Kernel.php(483): Illuminate\\Foundation\\Console\\Kernel->discoverCommands()
#3 C:\\GitHub\\LaravelFieldServiceManagement\\vendor\\laravel\\framework\\src\\Illuminate\\Foundation\\Console\\Kernel.php(196): Illuminate\\Foundation\\Console\\Kernel->bootstrap()
#4 Command line code(1): Illuminate\\Foundation\\Console\\Kernel->handle(Object(Symfony\\Component\\Console\\Input\\ArgvInput), Object(Symfony\\Component\\Console\\Output\\ConsoleOutput))
#5 {main}
"} 
[2025-11-02 22:14:27] development.ERROR: Unable to detect application namespace. {"exception":"[object] (RuntimeException(code: 0): Unable to detect application namespace. at C:\\GitHub\\LaravelFieldServiceManagement\\vendor\\laravel\\framework\\src\\Illuminate\\Foundation\\Application.php:1717)
[stacktrace]
#0 C:\\GitHub\\LaravelFieldServiceManagement\\vendor\\laravel\\framework\\src\\Illuminate\\Foundation\\Console\\Kernel.php(368): Illuminate\\Foundation\\Application->getNamespace()
#1 C:\\GitHub\\LaravelFieldServiceManagement\\vendor\\laravel\\framework\\src\\Illuminate\\Foundation\\Console\\Kernel.php(498): Illuminate\\Foundation\\Console\\Kernel->load(Array)
#2 C:\\GitHub\\LaravelFieldServiceManagement\\vendor\\laravel\\framework\\src\\Illuminate\\Foundation\\Console\\Kernel.php(483): Illuminate\\Foundation\\Console\\Kernel->discoverCommands()
#3 C:\\GitHub\\LaravelFieldServiceManagement\\vendor\\laravel\\framework\\src\\Illuminate\\Foundation\\Console\\Kernel.php(196): Illuminate\\Foundation\\Console\\Kernel->bootstrap()
#4 Command line code(1): Illuminate\\Foundation\\Console\\Kernel->handle(Object(Symfony\\Component\\Console\\Input\\ArgvInput), Object(Symfony\\Component\\Console\\Output\\ConsoleOutput))
#5 {main}
"} 
[2025-11-02 22:14:27] development.ERROR: Unable to detect application namespace. {"exception":"[object] (RuntimeException(code: 0): Unable to detect application namespace. at C:\\GitHub\\LaravelFieldServiceManagement\\vendor\\laravel\\framework\\src\\Illuminate\\Foundation\\Application.php:1717)
[stacktrace]
#0 C:\\GitHub\\LaravelFieldServiceManagement\\vendor\\laravel\\framework\\src\\Illuminate\\Foundation\\Console\\Kernel.php(368): Illuminate\\Foundation\\Application->getNamespace()
#1 C:\\GitHub\\LaravelFieldServiceManagement\\vendor\\laravel\\framework\\src\\Illuminate\\Foundation\\Console\\Kernel.php(498): Illuminate\\Foundation\\Console\\Kernel->load(Array)
#2 C:\\GitHub\\LaravelFieldServiceManagement\\vendor\\laravel\\framework\\src\\Illuminate\\Foundation\\Console\\Kernel.php(483): Illuminate\\Foundation\\Console\\Kernel->discoverCommands()
#3 C:\\GitHub\\LaravelFieldServiceManagement\\vendor\\laravel\\framework\\src\\Illuminate\\Foundation\\Console\\Kernel.php(196): Illuminate\\Foundation\\Console\\Kernel->bootstrap()
#4 Command line code(1): Illuminate\\Foundation\\Console\\Kernel->handle(Object(Symfony\\Component\\Console\\Input\\ArgvInput), Object(Symfony\\Component\\Console\\Output\\ConsoleOutput))
#5 {main}
"} 
[2025-11-02 22:15:28] development.ERROR: Unable to detect application namespace. {"exception":"[object] (RuntimeException(code: 0): Unable to detect application namespace. at C:\\GitHub\\LaravelFieldServiceManagement\\vendor\\laravel\\framework\\src\\Illuminate\\Foundation\\Application.php:1717)
[stacktrace]
#0 C:\\GitHub\\LaravelFieldServiceManagement\\vendor\\laravel\\framework\\src\\Illuminate\\Foundation\\Console\\Kernel.php(368): Illuminate\\Foundation\\Application->getNamespace()
#1 C:\\GitHub\\LaravelFieldServiceManagement\\vendor\\laravel\\framework\\src\\Illuminate\\Foundation\\Console\\Kernel.php(498): Illuminate\\Foundation\\Console\\Kernel->load(Array)
#2 C:\\GitHub\\LaravelFieldServiceManagement\\vendor\\laravel\\framework\\src\\Illuminate\\Foundation\\Console\\Kernel.php(483): Illuminate\\Foundation\\Console\\Kernel->discoverCommands()
#3 C:\\GitHub\\LaravelFieldServiceManagement\\vendor\\laravel\\framework\\src\\Illuminate\\Foundation\\Console\\Kernel.php(196): Illuminate\\Foundation\\Console\\Kernel->bootstrap()
#4 Command line code(1): Illuminate\\Foundation\\Console\\Kernel->handle(Object(Symfony\\Component\\Console\\Input\\ArgvInput), Object(Symfony\\Component\\Console\\Output\\ConsoleOutput))
#5 {main}
"} 
[2025-11-02 22:15:28] development.ERROR: Unable to detect application namespace. {"exception":"[object] (RuntimeException(code: 0): Unable to detect application namespace. at C:\\GitHub\\LaravelFieldServiceManagement\\vendor\\laravel\\framework\\src\\Illuminate\\Foundation\\Application.php:1717)
[stacktrace]
#0 C:\\GitHub\\LaravelFieldServiceManagement\\vendor\\laravel\\framework\\src\\Illuminate\\Foundation\\Console\\Kernel.php(368): Illuminate\\Foundation\\Application->getNamespace()
#1 C:\\GitHub\\LaravelFieldServiceManagement\\vendor\\laravel\\framework\\src\\Illuminate\\Foundation\\Console\\Kernel.php(498): Illuminate\\Foundation\\Console\\Kernel->load(Array)
#2 C:\\GitHub\\LaravelFieldServiceManagement\\vendor\\laravel\\framework\\src\\Illuminate\\Foundation\\Console\\Kernel.php(483): Illuminate\\Foundation\\Console\\Kernel->discoverCommands()
#3 C:\\GitHub\\LaravelFieldServiceManagement\\vendor\\laravel\\framework\\src\\Illuminate\\Foundation\\Console\\Kernel.php(196): Illuminate\\Foundation\\Console\\Kernel->bootstrap()
#4 Command line code(1): Illuminate\\Foundation\\Console\\Kernel->handle(Object(Symfony\\Component\\Console\\Input\\ArgvInput), Object(Symfony\\Component\\Console\\Output\\ConsoleOutput))
#5 {main}
"} 
[2025-11-02 22:15:28] development.ERROR: Unable to detect application namespace. {"exception":"[object] (RuntimeException(code: 0): Unable to detect application namespace. at C:\\GitHub\\LaravelFieldServiceManagement\\vendor\\laravel\\framework\\src\\Illuminate\\Foundation\\Application.php:1717)
[stacktrace]
#0 C:\\GitHub\\LaravelFieldServiceManagement\\vendor\\laravel\\framework\\src\\Illuminate\\Foundation\\Console\\Kernel.php(368): Illuminate\\Foundation\\Application->getNamespace()
#1 C:\\GitHub\\LaravelFieldServiceManagement\\vendor\\laravel\\framework\\src\\Illuminate\\Foundation\\Console\\Kernel.php(498): Illuminate\\Foundation\\Console\\Kernel->load(Array)
#2 C:\\GitHub\\LaravelFieldServiceManagement\\vendor\\laravel\\framework\\src\\Illuminate\\Foundation\\Console\\Kernel.php(483): Illuminate\\Foundation\\Console\\Kernel->discoverCommands()
#3 C:\\GitHub\\LaravelFieldServiceManagement\\vendor\\laravel\\framework\\src\\Illuminate\\Foundation\\Console\\Kernel.php(196): Illuminate\\Foundation\\Console\\Kernel->bootstrap()
#4 Command line code(1): Illuminate\\Foundation\\Console\\Kernel->handle(Object(Symfony\\Component\\Console\\Input\\ArgvInput), Object(Symfony\\Component\\Console\\Output\\ConsoleOutput))
#5 {main}
"} 
[2025-11-02 22:15:28] development.ERROR: Unable to detect application namespace. {"exception":"[object] (RuntimeException(code: 0): Unable to detect application namespace. at C:\\GitHub\\LaravelFieldServiceManagement\\vendor\\laravel\\framework\\src\\Illuminate\\Foundation\\Application.php:1717)
[stacktrace]
#0 C:\\GitHub\\LaravelFieldServiceManagement\\vendor\\laravel\\framework\\src\\Illuminate\\Foundation\\Console\\Kernel.php(368): Illuminate\\Foundation\\Application->getNamespace()
#1 C:\\GitHub\\LaravelFieldServiceManagement\\vendor\\laravel\\framework\\src\\Illuminate\\Foundation\\Console\\Kernel.php(498): Illuminate\\Foundation\\Console\\Kernel->load(Array)
#2 C:\\GitHub\\LaravelFieldServiceManagement\\vendor\\laravel\\framework\\src\\Illuminate\\Foundation\\Console\\Kernel.php(483): Illuminate\\Foundation\\Console\\Kernel->discoverCommands()
#3 C:\\GitHub\\LaravelFieldServiceManagement\\vendor\\laravel\\framework\\src\\Illuminate\\Foundation\\Console\\Kernel.php(196): Illuminate\\Foundation\\Console\\Kernel->bootstrap()
#4 Command line code(1): Illuminate\\Foundation\\Console\\Kernel->handle(Object(Symfony\\Component\\Console\\Input\\ArgvInput), Object(Symfony\\Component\\Console\\Output\\ConsoleOutput))
#5 {main}
"} 
[2025-11-02 22:16:27] development.ERROR: Unable to detect application namespace. {"exception":"[object] (RuntimeException(code: 0): Unable to detect application namespace. at C:\\GitHub\\LaravelFieldServiceManagement\\vendor\\laravel\\framework\\src\\Illuminate\\Foundation\\Application.php:1717)
[stacktrace]
#0 C:\\GitHub\\LaravelFieldServiceManagement\\vendor\\laravel\\framework\\src\\Illuminate\\Foundation\\Console\\Kernel.php(368): Illuminate\\Foundation\\Application->getNamespace()
#1 C:\\GitHub\\LaravelFieldServiceManagement\\vendor\\laravel\\framework\\src\\Illuminate\\Foundation\\Console\\Kernel.php(498): Illuminate\\Foundation\\Console\\Kernel->load(Array)
#2 C:\\GitHub\\LaravelFieldServiceManagement\\vendor\\laravel\\framework\\src\\Illuminate\\Foundation\\Console\\Kernel.php(483): Illuminate\\Foundation\\Console\\Kernel->discoverCommands()
#3 C:\\GitHub\\LaravelFieldServiceManagement\\vendor\\laravel\\framework\\src\\Illuminate\\Foundation\\Console\\Kernel.php(196): Illuminate\\Foundation\\Console\\Kernel->bootstrap()
#4 Command line code(1): Illuminate\\Foundation\\Console\\Kernel->handle(Object(Symfony\\Component\\Console\\Input\\ArgvInput), Object(Symfony\\Component\\Console\\Output\\ConsoleOutput))
#5 {main}
"} 
[2025-11-02 22:17:27] development.ERROR: Unable to detect application namespace. {"exception":"[object] (RuntimeException(code: 0): Unable to detect application namespace. at C:\\GitHub\\LaravelFieldServiceManagement\\vendor\\laravel\\framework\\src\\Illuminate\\Foundation\\Application.php:1717)
[stacktrace]
#0 C:\\GitHub\\LaravelFieldServiceManagement\\vendor\\laravel\\framework\\src\\Illuminate\\Foundation\\Console\\Kernel.php(368): Illuminate\\Foundation\\Application->getNamespace()
#1 C:\\GitHub\\LaravelFieldServiceManagement\\vendor\\laravel\\framework\\src\\Illuminate\\Foundation\\Console\\Kernel.php(498): Illuminate\\Foundation\\Console\\Kernel->load(Array)
#2 C:\\GitHub\\LaravelFieldServiceManagement\\vendor\\laravel\\framework\\src\\Illuminate\\Foundation\\Console\\Kernel.php(483): Illuminate\\Foundation\\Console\\Kernel->discoverCommands()
#3 C:\\GitHub\\LaravelFieldServiceManagement\\vendor\\laravel\\framework\\src\\Illuminate\\Foundation\\Console\\Kernel.php(196): Illuminate\\Foundation\\Console\\Kernel->bootstrap()
#4 Command line code(1): Illuminate\\Foundation\\Console\\Kernel->handle(Object(Symfony\\Component\\Console\\Input\\ArgvInput), Object(Symfony\\Component\\Console\\Output\\ConsoleOutput))
#5 {main}
"} 
[2025-11-02 22:18:27] development.ERROR: Unable to detect application namespace. {"exception":"[object] (RuntimeException(code: 0): Unable to detect application namespace. at C:\\GitHub\\LaravelFieldServiceManagement\\vendor\\laravel\\framework\\src\\Illuminate\\Foundation\\Application.php:1717)
[stacktrace]
#0 C:\\GitHub\\LaravelFieldServiceManagement\\vendor\\laravel\\framework\\src\\Illuminate\\Foundation\\Console\\Kernel.php(368): Illuminate\\Foundation\\Application->getNamespace()
#1 C:\\GitHub\\LaravelFieldServiceManagement\\vendor\\laravel\\framework\\src\\Illuminate\\Foundation\\Console\\Kernel.php(498): Illuminate\\Foundation\\Console\\Kernel->load(Array)
#2 C:\\GitHub\\LaravelFieldServiceManagement\\vendor\\laravel\\framework\\src\\Illuminate\\Foundation\\Console\\Kernel.php(483): Illuminate\\Foundation\\Console\\Kernel->discoverCommands()
#3 C:\\GitHub\\LaravelFieldServiceManagement\\vendor\\laravel\\framework\\src\\Illuminate\\Foundation\\Console\\Kernel.php(196): Illuminate\\Foundation\\Console\\Kernel->bootstrap()
#4 Command line code(1): Illuminate\\Foundation\\Console\\Kernel->handle(Object(Symfony\\Component\\Console\\Input\\ArgvInput), Object(Symfony\\Component\\Console\\Output\\ConsoleOutput))
#5 {main}
"} 
[2025-11-02 22:19:28] development.ERROR: Unable to detect application namespace. {"exception":"[object] (RuntimeException(code: 0): Unable to detect application namespace. at C:\\GitHub\\LaravelFieldServiceManagement\\vendor\\laravel\\framework\\src\\Illuminate\\Foundation\\Application.php:1717)
[stacktrace]
#0 C:\\GitHub\\LaravelFieldServiceManagement\\vendor\\laravel\\framework\\src\\Illuminate\\Foundation\\Console\\Kernel.php(368): Illuminate\\Foundation\\Application->getNamespace()
#1 C:\\GitHub\\LaravelFieldServiceManagement\\vendor\\laravel\\framework\\src\\Illuminate\\Foundation\\Console\\Kernel.php(498): Illuminate\\Foundation\\Console\\Kernel->load(Array)
#2 C:\\GitHub\\LaravelFieldServiceManagement\\vendor\\laravel\\framework\\src\\Illuminate\\Foundation\\Console\\Kernel.php(483): Illuminate\\Foundation\\Console\\Kernel->discoverCommands()
#3 C:\\GitHub\\LaravelFieldServiceManagement\\vendor\\laravel\\framework\\src\\Illuminate\\Foundation\\Console\\Kernel.php(196): Illuminate\\Foundation\\Console\\Kernel->bootstrap()
#4 Command line code(1): Illuminate\\Foundation\\Console\\Kernel->handle(Object(Symfony\\Component\\Console\\Input\\ArgvInput), Object(Symfony\\Component\\Console\\Output\\ConsoleOutput))
#5 {main}
"} 
[2025-11-02 22:19:28] development.ERROR: Unable to detect application namespace. {"exception":"[object] (RuntimeException(code: 0): Unable to detect application namespace. at C:\\GitHub\\LaravelFieldServiceManagement\\vendor\\laravel\\framework\\src\\Illuminate\\Foundation\\Application.php:1717)
[stacktrace]
#0 C:\\GitHub\\LaravelFieldServiceManagement\\vendor\\laravel\\framework\\src\\Illuminate\\Foundation\\Console\\Kernel.php(368): Illuminate\\Foundation\\Application->getNamespace()
#1 C:\\GitHub\\LaravelFieldServiceManagement\\vendor\\laravel\\framework\\src\\Illuminate\\Foundation\\Console\\Kernel.php(498): Illuminate\\Foundation\\Console\\Kernel->load(Array)
#2 C:\\GitHub\\LaravelFieldServiceManagement\\vendor\\laravel\\framework\\src\\Illuminate\\Foundation\\Console\\Kernel.php(483): Illuminate\\Foundation\\Console\\Kernel->discoverCommands()
#3 C:\\GitHub\\LaravelFieldServiceManagement\\vendor\\laravel\\framework\\src\\Illuminate\\Foundation\\Console\\Kernel.php(196): Illuminate\\Foundation\\Console\\Kernel->bootstrap()
#4 Command line code(1): Illuminate\\Foundation\\Console\\Kernel->handle(Object(Symfony\\Component\\Console\\Input\\ArgvInput), Object(Symfony\\Component\\Console\\Output\\ConsoleOutput))
#5 {main}
"} 
[2025-11-02 22:20:27] development.ERROR: Unable to detect application namespace. {"exception":"[object] (RuntimeException(code: 0): Unable to detect application namespace. at C:\\GitHub\\LaravelFieldServiceManagement\\vendor\\laravel\\framework\\src\\Illuminate\\Foundation\\Application.php:1717)
[stacktrace]
#0 C:\\GitHub\\LaravelFieldServiceManagement\\vendor\\laravel\\framework\\src\\Illuminate\\Foundation\\Console\\Kernel.php(368): Illuminate\\Foundation\\Application->getNamespace()
#1 C:\\GitHub\\LaravelFieldServiceManagement\\vendor\\laravel\\framework\\src\\Illuminate\\Foundation\\Console\\Kernel.php(498): Illuminate\\Foundation\\Console\\Kernel->load(Array)
#2 C:\\GitHub\\LaravelFieldServiceManagement\\vendor\\laravel\\framework\\src\\Illuminate\\Foundation\\Console\\Kernel.php(483): Illuminate\\Foundation\\Console\\Kernel->discoverCommands()
#3 C:\\GitHub\\LaravelFieldServiceManagement\\vendor\\laravel\\framework\\src\\Illuminate\\Foundation\\Console\\Kernel.php(196): Illuminate\\Foundation\\Console\\Kernel->bootstrap()
#4 Command line code(1): Illuminate\\Foundation\\Console\\Kernel->handle(Object(Symfony\\Component\\Console\\Input\\ArgvInput), Object(Symfony\\Component\\Console\\Output\\ConsoleOutput))
#5 {main}
"} 
[2025-11-02 22:20:27] development.ERROR: Unable to detect application namespace. {"exception":"[object] (RuntimeException(code: 0): Unable to detect application namespace. at C:\\GitHub\\LaravelFieldServiceManagement\\vendor\\laravel\\framework\\src\\Illuminate\\Foundation\\Application.php:1717)
[stacktrace]
#0 C:\\GitHub\\LaravelFieldServiceManagement\\vendor\\laravel\\framework\\src\\Illuminate\\Foundation\\Console\\Kernel.php(368): Illuminate\\Foundation\\Application->getNamespace()
#1 C:\\GitHub\\LaravelFieldServiceManagement\\vendor\\laravel\\framework\\src\\Illuminate\\Foundation\\Console\\Kernel.php(498): Illuminate\\Foundation\\Console\\Kernel->load(Array)
#2 C:\\GitHub\\LaravelFieldServiceManagement\\vendor\\laravel\\framework\\src\\Illuminate\\Foundation\\Console\\Kernel.php(483): Illuminate\\Foundation\\Console\\Kernel->discoverCommands()
#3 C:\\GitHub\\LaravelFieldServiceManagement\\vendor\\laravel\\framework\\src\\Illuminate\\Foundation\\Console\\Kernel.php(196): Illuminate\\Foundation\\Console\\Kernel->bootstrap()
#4 Command line code(1): Illuminate\\Foundation\\Console\\Kernel->handle(Object(Symfony\\Component\\Console\\Input\\ArgvInput), Object(Symfony\\Component\\Console\\Output\\ConsoleOutput))
#5 {main}
"} 
[2025-11-02 22:21:28] development.ERROR: Unable to detect application namespace. {"exception":"[object] (RuntimeException(code: 0): Unable to detect application namespace. at C:\\GitHub\\LaravelFieldServiceManagement\\vendor\\laravel\\framework\\src\\Illuminate\\Foundation\\Application.php:1717)
[stacktrace]
#0 C:\\GitHub\\LaravelFieldServiceManagement\\vendor\\laravel\\framework\\src\\Illuminate\\Foundation\\Console\\Kernel.php(368): Illuminate\\Foundation\\Application->getNamespace()
#1 C:\\GitHub\\LaravelFieldServiceManagement\\vendor\\laravel\\framework\\src\\Illuminate\\Foundation\\Console\\Kernel.php(498): Illuminate\\Foundation\\Console\\Kernel->load(Array)
#2 C:\\GitHub\\LaravelFieldServiceManagement\\vendor\\laravel\\framework\\src\\Illuminate\\Foundation\\Console\\Kernel.php(483): Illuminate\\Foundation\\Console\\Kernel->discoverCommands()
#3 C:\\GitHub\\LaravelFieldServiceManagement\\vendor\\laravel\\framework\\src\\Illuminate\\Foundation\\Console\\Kernel.php(196): Illuminate\\Foundation\\Console\\Kernel->bootstrap()
#4 Command line code(1): Illuminate\\Foundation\\Console\\Kernel->handle(Object(Symfony\\Component\\Console\\Input\\ArgvInput), Object(Symfony\\Component\\Console\\Output\\ConsoleOutput))
#5 {main}
"} 
[2025-11-02 22:22:27] development.ERROR: Unable to detect application namespace. {"exception":"[object] (RuntimeException(code: 0): Unable to detect application namespace. at C:\\GitHub\\LaravelFieldServiceManagement\\vendor\\laravel\\framework\\src\\Illuminate\\Foundation\\Application.php:1717)
[stacktrace]
#0 C:\\GitHub\\LaravelFieldServiceManagement\\vendor\\laravel\\framework\\src\\Illuminate\\Foundation\\Console\\Kernel.php(368): Illuminate\\Foundation\\Application->getNamespace()
#1 C:\\GitHub\\LaravelFieldServiceManagement\\vendor\\laravel\\framework\\src\\Illuminate\\Foundation\\Console\\Kernel.php(498): Illuminate\\Foundation\\Console\\Kernel->load(Array)
#2 C:\\GitHub\\LaravelFieldServiceManagement\\vendor\\laravel\\framework\\src\\Illuminate\\Foundation\\Console\\Kernel.php(483): Illuminate\\Foundation\\Console\\Kernel->discoverCommands()
#3 C:\\GitHub\\LaravelFieldServiceManagement\\vendor\\laravel\\framework\\src\\Illuminate\\Foundation\\Console\\Kernel.php(196): Illuminate\\Foundation\\Console\\Kernel->bootstrap()
#4 Command line code(1): Illuminate\\Foundation\\Console\\Kernel->handle(Object(Symfony\\Component\\Console\\Input\\ArgvInput), Object(Symfony\\Component\\Console\\Output\\ConsoleOutput))
#5 {main}
"} 
[2025-11-02 22:23:28] development.ERROR: Unable to detect application namespace. {"exception":"[object] (RuntimeException(code: 0): Unable to detect application namespace. at C:\\GitHub\\LaravelFieldServiceManagement\\vendor\\laravel\\framework\\src\\Illuminate\\Foundation\\Application.php:1717)
[stacktrace]
#0 C:\\GitHub\\LaravelFieldServiceManagement\\vendor\\laravel\\framework\\src\\Illuminate\\Foundation\\Console\\Kernel.php(368): Illuminate\\Foundation\\Application->getNamespace()
#1 C:\\GitHub\\LaravelFieldServiceManagement\\vendor\\laravel\\framework\\src\\Illuminate\\Foundation\\Console\\Kernel.php(498): Illuminate\\Foundation\\Console\\Kernel->load(Array)
#2 C:\\GitHub\\LaravelFieldServiceManagement\\vendor\\laravel\\framework\\src\\Illuminate\\Foundation\\Console\\Kernel.php(483): Illuminate\\Foundation\\Console\\Kernel->discoverCommands()
#3 C:\\GitHub\\LaravelFieldServiceManagement\\vendor\\laravel\\framework\\src\\Illuminate\\Foundation\\Console\\Kernel.php(196): Illuminate\\Foundation\\Console\\Kernel->bootstrap()
#4 Command line code(1): Illuminate\\Foundation\\Console\\Kernel->handle(Object(Symfony\\Component\\Console\\Input\\ArgvInput), Object(Symfony\\Component\\Console\\Output\\ConsoleOutput))
#5 {main}
"} 
[2025-11-02 22:23:28] development.ERROR: Unable to detect application namespace. {"exception":"[object] (RuntimeException(code: 0): Unable to detect application namespace. at C:\\GitHub\\LaravelFieldServiceManagement\\vendor\\laravel\\framework\\src\\Illuminate\\Foundation\\Application.php:1717)
[stacktrace]
#0 C:\\GitHub\\LaravelFieldServiceManagement\\vendor\\laravel\\framework\\src\\Illuminate\\Foundation\\Console\\Kernel.php(368): Illuminate\\Foundation\\Application->getNamespace()
#1 C:\\GitHub\\LaravelFieldServiceManagement\\vendor\\laravel\\framework\\src\\Illuminate\\Foundation\\Console\\Kernel.php(498): Illuminate\\Foundation\\Console\\Kernel->load(Array)
#2 C:\\GitHub\\LaravelFieldServiceManagement\\vendor\\laravel\\framework\\src\\Illuminate\\Foundation\\Console\\Kernel.php(483): Illuminate\\Foundation\\Console\\Kernel->discoverCommands()
#3 C:\\GitHub\\LaravelFieldServiceManagement\\vendor\\laravel\\framework\\src\\Illuminate\\Foundation\\Console\\Kernel.php(196): Illuminate\\Foundation\\Console\\Kernel->bootstrap()
#4 Command line code(1): Illuminate\\Foundation\\Console\\Kernel->handle(Object(Symfony\\Component\\Console\\Input\\ArgvInput), Object(Symfony\\Component\\Console\\Output\\ConsoleOutput))
#5 {main}
"} 
[2025-11-02 22:24:28] development.ERROR: Unable to detect application namespace. {"exception":"[object] (RuntimeException(code: 0): Unable to detect application namespace. at C:\\GitHub\\LaravelFieldServiceManagement\\vendor\\laravel\\framework\\src\\Illuminate\\Foundation\\Application.php:1717)
[stacktrace]
#0 C:\\GitHub\\LaravelFieldServiceManagement\\vendor\\laravel\\framework\\src\\Illuminate\\Foundation\\Console\\Kernel.php(368): Illuminate\\Foundation\\Application->getNamespace()
#1 C:\\GitHub\\LaravelFieldServiceManagement\\vendor\\laravel\\framework\\src\\Illuminate\\Foundation\\Console\\Kernel.php(498): Illuminate\\Foundation\\Console\\Kernel->load(Array)
#2 C:\\GitHub\\LaravelFieldServiceManagement\\vendor\\laravel\\framework\\src\\Illuminate\\Foundation\\Console\\Kernel.php(483): Illuminate\\Foundation\\Console\\Kernel->discoverCommands()
#3 C:\\GitHub\\LaravelFieldServiceManagement\\vendor\\laravel\\framework\\src\\Illuminate\\Foundation\\Console\\Kernel.php(196): Illuminate\\Foundation\\Console\\Kernel->bootstrap()
#4 Command line code(1): Illuminate\\Foundation\\Console\\Kernel->handle(Object(Symfony\\Component\\Console\\Input\\ArgvInput), Object(Symfony\\Component\\Console\\Output\\ConsoleOutput))
#5 {main}
"} 
[2025-11-02 22:24:28] development.ERROR: Unable to detect application namespace. {"exception":"[object] (RuntimeException(code: 0): Unable to detect application namespace. at C:\\GitHub\\LaravelFieldServiceManagement\\vendor\\laravel\\framework\\src\\Illuminate\\Foundation\\Application.php:1717)
[stacktrace]
#0 C:\\GitHub\\LaravelFieldServiceManagement\\vendor\\laravel\\framework\\src\\Illuminate\\Foundation\\Console\\Kernel.php(368): Illuminate\\Foundation\\Application->getNamespace()
#1 C:\\GitHub\\LaravelFieldServiceManagement\\vendor\\laravel\\framework\\src\\Illuminate\\Foundation\\Console\\Kernel.php(498): Illuminate\\Foundation\\Console\\Kernel->load(Array)
#2 C:\\GitHub\\LaravelFieldServiceManagement\\vendor\\laravel\\framework\\src\\Illuminate\\Foundation\\Console\\Kernel.php(483): Illuminate\\Foundation\\Console\\Kernel->discoverCommands()
#3 C:\\GitHub\\LaravelFieldServiceManagement\\vendor\\laravel\\framework\\src\\Illuminate\\Foundation\\Console\\Kernel.php(196): Illuminate\\Foundation\\Console\\Kernel->bootstrap()
#4 Command line code(1): Illuminate\\Foundation\\Console\\Kernel->handle(Object(Symfony\\Component\\Console\\Input\\ArgvInput), Object(Symfony\\Component\\Console\\Output\\ConsoleOutput))
#5 {main}
"} 
[2025-11-02 22:25:28] development.ERROR: Unable to detect application namespace. {"exception":"[object] (RuntimeException(code: 0): Unable to detect application namespace. at C:\\GitHub\\LaravelFieldServiceManagement\\vendor\\laravel\\framework\\src\\Illuminate\\Foundation\\Application.php:1717)
[stacktrace]
#0 C:\\GitHub\\LaravelFieldServiceManagement\\vendor\\laravel\\framework\\src\\Illuminate\\Foundation\\Console\\Kernel.php(368): Illuminate\\Foundation\\Application->getNamespace()
#1 C:\\GitHub\\LaravelFieldServiceManagement\\vendor\\laravel\\framework\\src\\Illuminate\\Foundation\\Console\\Kernel.php(498): Illuminate\\Foundation\\Console\\Kernel->load(Array)
#2 C:\\GitHub\\LaravelFieldServiceManagement\\vendor\\laravel\\framework\\src\\Illuminate\\Foundation\\Console\\Kernel.php(483): Illuminate\\Foundation\\Console\\Kernel->discoverCommands()
#3 C:\\GitHub\\LaravelFieldServiceManagement\\vendor\\laravel\\framework\\src\\Illuminate\\Foundation\\Console\\Kernel.php(196): Illuminate\\Foundation\\Console\\Kernel->bootstrap()
#4 Command line code(1): Illuminate\\Foundation\\Console\\Kernel->handle(Object(Symfony\\Component\\Console\\Input\\ArgvInput), Object(Symfony\\Component\\Console\\Output\\ConsoleOutput))
#5 {main}
"} 
[2025-11-02 22:25:28] development.ERROR: Unable to detect application namespace. {"exception":"[object] (RuntimeException(code: 0): Unable to detect application namespace. at C:\\GitHub\\LaravelFieldServiceManagement\\vendor\\laravel\\framework\\src\\Illuminate\\Foundation\\Application.php:1717)
[stacktrace]
#0 C:\\GitHub\\LaravelFieldServiceManagement\\vendor\\laravel\\framework\\src\\Illuminate\\Foundation\\Console\\Kernel.php(368): Illuminate\\Foundation\\Application->getNamespace()
#1 C:\\GitHub\\LaravelFieldServiceManagement\\vendor\\laravel\\framework\\src\\Illuminate\\Foundation\\Console\\Kernel.php(498): Illuminate\\Foundation\\Console\\Kernel->load(Array)
#2 C:\\GitHub\\LaravelFieldServiceManagement\\vendor\\laravel\\framework\\src\\Illuminate\\Foundation\\Console\\Kernel.php(483): Illuminate\\Foundation\\Console\\Kernel->discoverCommands()
#3 C:\\GitHub\\LaravelFieldServiceManagement\\vendor\\laravel\\framework\\src\\Illuminate\\Foundation\\Console\\Kernel.php(196): Illuminate\\Foundation\\Console\\Kernel->bootstrap()
#4 Command line code(1): Illuminate\\Foundation\\Console\\Kernel->handle(Object(Symfony\\Component\\Console\\Input\\ArgvInput), Object(Symfony\\Component\\Console\\Output\\ConsoleOutput))
#5 {main}
"} 
[2025-11-02 22:25:28] development.ERROR: Unable to detect application namespace. {"exception":"[object] (RuntimeException(code: 0): Unable to detect application namespace. at C:\\GitHub\\LaravelFieldServiceManagement\\vendor\\laravel\\framework\\src\\Illuminate\\Foundation\\Application.php:1717)
[stacktrace]
#0 C:\\GitHub\\LaravelFieldServiceManagement\\vendor\\laravel\\framework\\src\\Illuminate\\Foundation\\Console\\Kernel.php(368): Illuminate\\Foundation\\Application->getNamespace()
#1 C:\\GitHub\\LaravelFieldServiceManagement\\vendor\\laravel\\framework\\src\\Illuminate\\Foundation\\Console\\Kernel.php(498): Illuminate\\Foundation\\Console\\Kernel->load(Array)
#2 C:\\GitHub\\LaravelFieldServiceManagement\\vendor\\laravel\\framework\\src\\Illuminate\\Foundation\\Console\\Kernel.php(483): Illuminate\\Foundation\\Console\\Kernel->discoverCommands()
#3 C:\\GitHub\\LaravelFieldServiceManagement\\vendor\\laravel\\framework\\src\\Illuminate\\Foundation\\Console\\Kernel.php(196): Illuminate\\Foundation\\Console\\Kernel->bootstrap()
#4 Command line code(1): Illuminate\\Foundation\\Console\\Kernel->handle(Object(Symfony\\Component\\Console\\Input\\ArgvInput), Object(Symfony\\Component\\Console\\Output\\ConsoleOutput))
#5 {main}
"} 
[2025-11-02 22:26:28] development.ERROR: Unable to detect application namespace. {"exception":"[object] (RuntimeException(code: 0): Unable to detect application namespace. at C:\\GitHub\\LaravelFieldServiceManagement\\vendor\\laravel\\framework\\src\\Illuminate\\Foundation\\Application.php:1717)
[stacktrace]
#0 C:\\GitHub\\LaravelFieldServiceManagement\\vendor\\laravel\\framework\\src\\Illuminate\\Foundation\\Console\\Kernel.php(368): Illuminate\\Foundation\\Application->getNamespace()
#1 C:\\GitHub\\LaravelFieldServiceManagement\\vendor\\laravel\\framework\\src\\Illuminate\\Foundation\\Console\\Kernel.php(498): Illuminate\\Foundation\\Console\\Kernel->load(Array)
#2 C:\\GitHub\\LaravelFieldServiceManagement\\vendor\\laravel\\framework\\src\\Illuminate\\Foundation\\Console\\Kernel.php(483): Illuminate\\Foundation\\Console\\Kernel->discoverCommands()
#3 C:\\GitHub\\LaravelFieldServiceManagement\\vendor\\laravel\\framework\\src\\Illuminate\\Foundation\\Console\\Kernel.php(196): Illuminate\\Foundation\\Console\\Kernel->bootstrap()
#4 Command line code(1): Illuminate\\Foundation\\Console\\Kernel->handle(Object(Symfony\\Component\\Console\\Input\\ArgvInput), Object(Symfony\\Component\\Console\\Output\\ConsoleOutput))
#5 {main}
"} 
[2025-11-02 22:26:28] development.ERROR: Unable to detect application namespace. {"exception":"[object] (RuntimeException(code: 0): Unable to detect application namespace. at C:\\GitHub\\LaravelFieldServiceManagement\\vendor\\laravel\\framework\\src\\Illuminate\\Foundation\\Application.php:1717)
[stacktrace]
#0 C:\\GitHub\\LaravelFieldServiceManagement\\vendor\\laravel\\framework\\src\\Illuminate\\Foundation\\Console\\Kernel.php(368): Illuminate\\Foundation\\Application->getNamespace()
#1 C:\\GitHub\\LaravelFieldServiceManagement\\vendor\\laravel\\framework\\src\\Illuminate\\Foundation\\Console\\Kernel.php(498): Illuminate\\Foundation\\Console\\Kernel->load(Array)
#2 C:\\GitHub\\LaravelFieldServiceManagement\\vendor\\laravel\\framework\\src\\Illuminate\\Foundation\\Console\\Kernel.php(483): Illuminate\\Foundation\\Console\\Kernel->discoverCommands()
#3 C:\\GitHub\\LaravelFieldServiceManagement\\vendor\\laravel\\framework\\src\\Illuminate\\Foundation\\Console\\Kernel.php(196): Illuminate\\Foundation\\Console\\Kernel->bootstrap()
#4 Command line code(1): Illuminate\\Foundation\\Console\\Kernel->handle(Object(Symfony\\Component\\Console\\Input\\ArgvInput), Object(Symfony\\Component\\Console\\Output\\ConsoleOutput))
#5 {main}
"} 
[2025-11-02 22:27:27] development.ERROR: Unable to detect application namespace. {"exception":"[object] (RuntimeException(code: 0): Unable to detect application namespace. at C:\\GitHub\\LaravelFieldServiceManagement\\vendor\\laravel\\framework\\src\\Illuminate\\Foundation\\Application.php:1717)
[stacktrace]
#0 C:\\GitHub\\LaravelFieldServiceManagement\\vendor\\laravel\\framework\\src\\Illuminate\\Foundation\\Console\\Kernel.php(368): Illuminate\\Foundation\\Application->getNamespace()
#1 C:\\GitHub\\LaravelFieldServiceManagement\\vendor\\laravel\\framework\\src\\Illuminate\\Foundation\\Console\\Kernel.php(498): Illuminate\\Foundation\\Console\\Kernel->load(Array)
#2 C:\\GitHub\\LaravelFieldServiceManagement\\vendor\\laravel\\framework\\src\\Illuminate\\Foundation\\Console\\Kernel.php(483): Illuminate\\Foundation\\Console\\Kernel->discoverCommands()
#3 C:\\GitHub\\LaravelFieldServiceManagement\\vendor\\laravel\\framework\\src\\Illuminate\\Foundation\\Console\\Kernel.php(196): Illuminate\\Foundation\\Console\\Kernel->bootstrap()
#4 Command line code(1): Illuminate\\Foundation\\Console\\Kernel->handle(Object(Symfony\\Component\\Console\\Input\\ArgvInput), Object(Symfony\\Component\\Console\\Output\\ConsoleOutput))
#5 {main}
"} 
[2025-11-02 22:27:27] development.ERROR: Unable to detect application namespace. {"exception":"[object] (RuntimeException(code: 0): Unable to detect application namespace. at C:\\GitHub\\LaravelFieldServiceManagement\\vendor\\laravel\\framework\\src\\Illuminate\\Foundation\\Application.php:1717)
[stacktrace]
#0 C:\\GitHub\\LaravelFieldServiceManagement\\vendor\\laravel\\framework\\src\\Illuminate\\Foundation\\Console\\Kernel.php(368): Illuminate\\Foundation\\Application->getNamespace()
#1 C:\\GitHub\\LaravelFieldServiceManagement\\vendor\\laravel\\framework\\src\\Illuminate\\Foundation\\Console\\Kernel.php(498): Illuminate\\Foundation\\Console\\Kernel->load(Array)
#2 C:\\GitHub\\LaravelFieldServiceManagement\\vendor\\laravel\\framework\\src\\Illuminate\\Foundation\\Console\\Kernel.php(483): Illuminate\\Foundation\\Console\\Kernel->discoverCommands()
#3 C:\\GitHub\\LaravelFieldServiceManagement\\vendor\\laravel\\framework\\src\\Illuminate\\Foundation\\Console\\Kernel.php(196): Illuminate\\Foundation\\Console\\Kernel->bootstrap()
#4 Command line code(1): Illuminate\\Foundation\\Console\\Kernel->handle(Object(Symfony\\Component\\Console\\Input\\ArgvInput), Object(Symfony\\Component\\Console\\Output\\ConsoleOutput))
#5 {main}
"} 
[2025-11-02 22:28:27] development.ERROR: Unable to detect application namespace. {"exception":"[object] (RuntimeException(code: 0): Unable to detect application namespace. at C:\\GitHub\\LaravelFieldServiceManagement\\vendor\\laravel\\framework\\src\\Illuminate\\Foundation\\Application.php:1717)
[stacktrace]
#0 C:\\GitHub\\LaravelFieldServiceManagement\\vendor\\laravel\\framework\\src\\Illuminate\\Foundation\\Console\\Kernel.php(368): Illuminate\\Foundation\\Application->getNamespace()
#1 C:\\GitHub\\LaravelFieldServiceManagement\\vendor\\laravel\\framework\\src\\Illuminate\\Foundation\\Console\\Kernel.php(498): Illuminate\\Foundation\\Console\\Kernel->load(Array)
#2 C:\\GitHub\\LaravelFieldServiceManagement\\vendor\\laravel\\framework\\src\\Illuminate\\Foundation\\Console\\Kernel.php(483): Illuminate\\Foundation\\Console\\Kernel->discoverCommands()
#3 C:\\GitHub\\LaravelFieldServiceManagement\\vendor\\laravel\\framework\\src\\Illuminate\\Foundation\\Console\\Kernel.php(196): Illuminate\\Foundation\\Console\\Kernel->bootstrap()
#4 Command line code(1): Illuminate\\Foundation\\Console\\Kernel->handle(Object(Symfony\\Component\\Console\\Input\\ArgvInput), Object(Symfony\\Component\\Console\\Output\\ConsoleOutput))
#5 {main}
"} 
